wall_time_s,iter,iter_ms
1764378973.349914,1,205.323517
1764378973.488693,2,71.243393
1764378973.564789,3,70.692543
1764378973.641326,4,70.949280
1764378973.717717,5,71.084480
1764378973.794352,6,71.133118
1764378973.870431,7,70.707581
1764378973.946732,8,70.849052
1764378974.023083,9,71.038658
1764378974.099890,10,71.309570
1764378974.177173,11,70.832191
1764378974.253656,12,71.031837
1764378974.329754,13,70.614014
1764378974.405836,14,70.587677
1764378974.481416,15,70.386368
1764378974.557136,16,70.536064
1764378974.632455,17,69.906815
1764378974.707788,18,70.035774
1764378974.782875,19,69.572258
1764378974.858470,20,69.953117
1764378974.933816,21,69.345596
1764378975.008751,22,69.325378
1764378975.083247,23,69.086464
1764378975.157542,24,68.968124
1764378975.231252,25,68.250305
1764378975.305467,26,68.645630
1764378975.379044,27,68.264641
1764378975.452807,28,68.406654
1764378975.525645,29,67.528511
1764378975.598740,30,67.647774
1764378975.672218,31,67.468994
1764378975.744712,32,67.355133
1764378975.816707,33,66.707809
1764378975.889283,34,67.275490
1764378975.961097,35,66.528992
1764378976.033267,36,66.709282
1764378976.104841,37,66.166336
1764378976.176943,38,66.636803
1764378976.248214,39,65.948349
1764378976.319909,40,66.182114
1764378976.391945,41,65.867645
1764378976.463164,42,65.766815
1764378976.534166,43,65.485374
1764378976.605439,44,65.767197
1764378976.675745,45,64.825027
1764378976.746427,46,65.164894
1764378976.816308,47,64.566978
1764378976.886060,48,64.454498
1764378976.955537,49,64.011520
1764378977.025264,50,64.295555
1764378977.094947,51,63.451904
1764378977.164358,52,63.876320
1764378977.233000,53,63.330814
1764378977.301609,54,63.140034
1764378977.369945,55,62.860992
1764378977.438226,56,62.636578
1764378977.505734,57,62.014561
1764378977.573242,58,62.070526
1764378977.640158,59,61.590206
1764378977.707152,60,61.605022
1764378977.774185,61,61.009953
1764378977.840504,62,61.271744
1764378977.906179,63,60.532001
1764378977.972463,64,60.957630
1764378978.038308,65,60.401951
1764378978.104410,66,60.584190
1764378978.169892,67,59.986305
1764378978.235212,68,59.862846
1764378978.300205,69,59.503967
1764378978.365392,70,59.704063
1764378978.430472,71,58.942177
1764378978.495353,72,59.567490
1764378978.560248,73,59.355713
1764378978.624689,74,58.941090
1764378978.688815,75,58.538464
1764378978.753668,76,59.223553
1764378978.817790,77,58.559586
1764378978.881155,78,58.342079
1764378978.944207,79,57.895233
1764378979.007850,80,58.335041
1764378979.071464,81,57.781441
1764378979.134749,82,57.822910
1764378979.197757,83,57.560799
1764378979.260670,84,57.436863
1764378979.323399,85,57.429760
1764378979.386743,86,57.977535
1764378979.449527,87,57.294018
1764378979.512227,88,57.681599
1764378979.574067,89,56.673695
1764378979.636513,90,57.128513
1764378979.699413,91,56.747711
1764378979.762125,92,57.236706
1764378979.824084,93,56.437439
1764378979.885670,94,56.268417
1764378979.946857,95,56.007298
1764378980.008336,96,56.297153
1764378980.069630,97,55.823265
1764378980.131295,98,56.065632
1764378980.192278,99,55.537247
1764378980.253413,100,55.799488
1764378980.314816,101,55.431934
1764378980.375669,102,55.388897
1764378980.436327,103,55.119648
1764378980.496980,104,55.130718
1764378980.557555,105,55.129536
1764378980.617360,106,54.535873
1764378980.677170,107,54.485279
1764378980.737185,108,54.690529
1764378980.796997,109,54.262592
1764378980.856540,110,54.231743
1764378980.916696,111,54.053505
1764378980.975733,112,53.905025
1764378981.035142,113,54.021793
1764378981.094116,114,53.597694
1764378981.152741,115,53.314049
1764378981.211412,116,53.192417
1764378981.270395,117,53.477345
1764378981.329212,118,53.222977
1764378981.387194,119,52.612766
1764378981.445280,120,52.544353
1764378981.504000,121,52.730591
1764378981.561821,122,52.372128
1764378981.619638,123,52.370144
1764378981.677108,124,51.949280
1764378981.734810,125,52.109886
1764378981.792435,126,52.073185
1764378981.849099,127,51.174976
1764378981.906210,128,51.666817
1764378981.963048,129,51.168800
1764378982.019557,130,51.459778
1764378982.075814,131,50.682529
1764378982.131904,132,51.039104
1764378982.187702,133,50.399712
1764378982.243768,134,50.610882
1764378982.300045,135,50.752129
1764378982.355664,136,50.257599
1764378982.411818,137,50.596928
1764378982.467664,138,50.346687
1764378982.523403,139,50.259392
1764378982.578788,140,49.957569
1764378982.634779,141,49.897758
1764378982.689917,142,49.625313
1764378982.744997,143,49.586849
1764378982.799870,144,49.400448
1764378982.854349,145,49.180546
1764378982.908828,146,49.193729
1764378982.963337,147,49.089279
1764378983.018156,148,49.268383
1764378983.072260,149,49.093311
1764378983.125820,150,48.543423
1764378983.180557,151,48.594463
1764378983.234632,152,48.577217
1764378983.288908,153,48.869823
1764378983.342952,154,48.619167
1764378983.396469,155,48.022209
1764378983.449988,156,48.147102
1764378983.503340,157,47.898880
1764378983.556953,158,48.180992
1764378983.610581,159,48.019135
1764378983.663759,160,47.729343
1764378983.717911,161,48.153889
1764378983.770992,162,47.624802
1764378983.824270,163,47.767265
1764378983.877429,164,47.717087
1764378983.930131,165,47.241409
1764378983.983136,166,47.540928
1764378984.035719,167,47.129375
1764378984.088341,168,47.312576
1764378984.140470,169,46.869343
1764378984.192361,170,47.130848
1764378984.245229,171,46.915264
1764378984.297615,172,46.985889
1764378984.349466,173,46.263424
1764378984.401562,174,46.667458
1764378984.453335,175,46.383678
1764378984.505504,176,46.821407
1764378984.557017,177,46.047680
1764378984.608987,178,46.543552
1764378984.660920,179,46.570335
1764378984.712495,180,46.356194
1764378984.764777,181,46.018047
1764378984.816585,182,46.318302
1764378984.868060,183,45.995712
1764378984.918976,184,45.891457
1764378984.969858,185,45.752033
1764378985.021277,186,45.832863
1764378985.072285,187,45.573761
1764378985.124195,188,45.863682
1764378985.175040,189,45.374496
1764378985.225983,190,45.743809
1764378985.277519,191,45.658207
1764378985.328579,192,45.630783
1764378985.379263,193,45.350655
1764378985.429688,194,45.200001
1764378985.479642,195,44.829281
1764378985.530456,196,45.339359
1764378985.581039,197,45.136097
1764378985.631669,198,45.212193
1764378985.682022,199,44.812992
1764378985.780516,200,92.851875
1764378985.831689,201,44.855457
1764378985.882320,202,45.133503
1764378985.932902,203,44.978977
1764378985.982764,204,44.834496
1764378986.032790,205,44.848225
1764378986.082867,206,44.586689
1764378986.132921,207,44.419552
1764378986.182860,208,44.660416
1764378986.232926,209,44.487358
1764378986.282800,210,44.681759
1764378986.333155,211,44.180126
1764378986.382865,212,44.386974
1764378986.432726,213,44.207745
1764378986.481984,214,43.984608
1764378986.531459,215,43.924641
1764378986.580940,216,44.049023
1764378986.630254,217,43.871937
1764378986.679907,218,44.180161
1764378986.729425,219,44.031551
1764378986.778778,220,43.830914
1764378986.828737,221,43.761856
1764378986.878075,222,43.810593
1764378986.927161,223,43.687614
1764378986.976099,224,43.600574
1764378987.024781,225,43.676353
1764378987.073837,226,43.639393
1764378987.122503,227,43.378208
1764378987.171492,228,43.334335
1764378987.220192,229,43.204254
1764378987.268583,230,43.151039
1764378987.317584,231,43.357887
1764378987.365653,232,42.946625
1764378987.414148,233,43.036705
1764378987.462319,234,43.145920
1764378987.509922,235,42.867359
1764378987.557702,236,42.751328
1764378987.605959,237,42.778370
1764378987.654169,238,42.800415
1764378987.702622,239,43.017666
1764378987.751008,240,42.934944
1764378987.800361,241,43.077312
1764378987.848750,242,42.889919
1764378987.897050,243,42.730145
1764378987.945050,244,42.696415
1764378987.993205,245,42.574463
1764378988.041121,246,42.595009
1764378988.089045,247,42.328735
1764378988.137048,248,42.550976
1764378988.184909,249,42.297215
1764378988.232678,250,42.306496
1764378988.280912,251,41.982655
1764378988.328486,252,42.413761
1764378988.375324,253,42.037247
1764378988.422735,254,42.274399
1764378988.470058,255,42.016129
1764378988.517455,256,41.932770
1764378988.565249,257,42.311295
1764378988.612716,258,41.971394
1764378988.659869,259,41.680546
1764378988.707148,260,41.752449
1764378988.755234,261,41.900768
1764378988.803331,262,42.588482
1764378988.850593,263,41.933407
1764378988.897841,264,41.961151
1764378988.944679,265,41.408287
1764378988.991733,266,41.676479
1764378989.038594,267,41.421375
1764378989.086138,268,41.924225
1764378989.132937,269,41.334335
1764378989.180335,270,41.991871
1764378989.227619,271,41.163391
1764378989.274719,272,41.616062
1764378989.321599,273,41.304256
1764378989.368151,274,41.534176
1764378989.413815,275,40.938110
1764378989.460351,276,41.391808
1764378989.506883,277,41.176479
1764378989.553630,278,41.257599
1764378989.600358,279,41.241310
1764378989.646784,280,40.985214
1764378989.694048,281,41.151360
1764378989.740844,282,41.511906
1764378989.787108,283,40.909534
1764378989.833612,284,41.148895
1764378989.879679,285,40.785633
1764378989.926668,286,41.603775
1764378989.972870,287,40.758976
1764378990.019386,288,41.074207
1764378990.065409,289,40.627712
1764378990.111607,290,41.059010
1764378990.158317,291,40.595135
1764378990.204756,292,41.018784
1764378990.250449,293,40.677055
1764378990.296592,294,40.971970
1764378990.342150,295,40.270527
1764378990.388358,296,40.632000
1764378990.434437,297,40.507744
1764378990.479863,298,40.251007
1764378990.524975,299,40.359650
1764378990.570383,300,40.582687
1764378990.616528,301,40.282623
1764378990.662171,302,40.365726
1764378990.707898,303,40.324768
1764378990.754202,304,40.890079
1764378990.799743,305,40.072865
1764378990.845968,306,40.679134
1764378990.891280,307,39.932610
1764378990.937456,308,40.642879
1764378990.983101,309,40.233665
1764378991.029278,310,40.843967
1764378991.075441,311,40.199871
1764378991.121231,312,40.472416
1764378991.166316,313,39.815681
1764378991.211794,314,39.823746
1764378991.257212,315,39.879230
1764378991.302609,316,40.004288
1764378991.347591,317,39.690910
1764378991.393149,318,40.243904
1764378991.438247,319,39.704800
1764378991.483540,320,39.799618
1764378991.528741,321,39.516479
1764378991.573455,322,39.828449
1764378991.617860,323,39.413311
1764378991.663090,324,39.692993
1764378991.708253,325,39.689281
1764378991.753623,326,39.910080
1764378991.798623,327,39.715519
1764378991.843863,328,39.783073
1764378991.889117,329,39.691967
1764378991.934275,330,39.631168
1764378991.980249,331,39.738304
1764378992.025287,332,39.578304
1764378992.070134,333,39.474304
1764378992.115251,334,39.829121
1764378992.160252,335,39.293633
1764378992.205251,336,39.540417
1764378992.249879,337,39.208641
1764378992.294858,338,39.662239
1764378992.339799,339,39.510654
1764378992.384972,340,39.668926
1764378992.430608,341,39.580513
1764378992.475668,342,39.630527
1764378992.520508,343,39.389118
1764378992.564797,344,39.256767
1764378992.608753,345,39.005535
1764378992.652714,346,39.081665
1764378992.697615,347,39.763649
1764378992.742224,348,39.414463
1764378992.787122,349,39.282688
1764378992.831898,350,39.432896
1764378992.876898,351,38.899681
1764378992.921690,352,39.475903
1764378992.966079,353,38.800064
1764378993.010749,354,39.207554
1764378993.054876,355,38.871872
1764378993.099186,356,38.990528
1764378993.143399,357,38.729343
1764378993.188079,358,38.936031
1764378993.232449,359,38.909599
1764378993.276968,360,39.247551
1764378993.321669,361,38.726303
1764378993.365922,362,38.823456
1764378993.409738,363,38.527679
1764378993.453533,364,38.795967
1764378993.497203,365,38.502014
1764378993.541733,366,38.975327
1764378993.585876,367,38.842049
1764378993.629818,368,38.917824
1764378993.673121,369,38.442719
1764378993.716794,370,38.555138
1764378993.761339,371,38.554302
1764378993.805575,372,38.651966
1764378993.849717,373,38.675137
1764378993.893653,374,38.795010
1764378993.937424,375,38.467262
1764378993.981522,376,38.810303
1764378994.025179,377,38.337215
1764378994.069215,378,38.602978
1764378994.112722,379,38.253185
1764378994.157135,380,38.780865
1764378994.201543,381,38.462303
1764378994.245625,382,38.610622
1764378994.289439,383,38.347168
1764378994.332868,384,38.254272
1764378994.376006,385,37.973698
1764378994.420019,386,38.480576
1764378994.463719,387,38.375999
1764378994.507476,388,38.298306
1764378994.550894,389,37.934719
1764378994.594893,390,38.551231
1764378994.638969,391,37.898880
1764378994.682760,392,38.561440
1764378994.725785,393,38.168224
1764378994.769210,394,38.276798
1764378994.812692,395,38.105888
1764378994.855910,396,38.057663
1764378994.898698,397,37.730946
1764378994.944071,398,39.967361
1764378994.987616,399,38.094593
1764378995.070798,400,77.771454
1764378995.114635,401,37.817215
1764378995.158210,402,37.921375
1764378995.201827,403,37.986015
1764378995.245336,404,38.231743
1764378995.288643,405,37.746368
1764378995.332224,406,38.157761
1764378995.375180,407,37.643009
1764378995.418577,408,37.926624
1764378995.461852,409,37.622528
1764378995.505236,410,37.932991
1764378995.549429,411,38.216385
1764378995.592917,412,37.886528
1764378995.635857,413,37.916256
1764378995.678510,414,37.776066
1764378995.721428,415,37.621120
1764378995.764544,416,38.093472
1764378995.807065,417,37.631680
1764378995.850164,418,38.002369
1764378995.893117,419,37.509823
1764378995.936631,420,38.043327
1764378995.980432,421,37.640896
1764378996.023817,422,37.973698
1764378996.067048,423,37.734913
1764378996.110423,424,37.867134
1764378996.153646,425,37.563072
1764378996.196629,426,37.548737
1764378996.239991,427,37.737057
1764378996.283353,428,37.900513
1764378996.326419,429,37.591713
1764378996.369555,430,37.793472
1764378996.412981,431,37.271488
1764378996.455811,432,37.516991
1764378996.498732,433,37.367519
1764378996.541989,434,37.822144
1764378996.585109,435,37.623489
1764378996.628133,436,37.593086
1764378996.671030,437,37.519039
1764378996.713578,438,37.386944
1764378996.756198,439,37.332802
1764378996.798973,440,37.671646
1764378996.841468,441,37.067455
1764378996.883745,442,37.278400
1764378996.926410,443,37.138111
1764378996.969594,444,37.696194
1764378997.012305,445,37.409473
1764378997.055447,446,37.590656
1764378997.098269,447,37.320385
1764378997.141130,448,37.401119
1764378997.184050,449,37.340000
1764378997.227082,450,37.546688
1764378997.270566,451,37.369537
1764378997.313396,452,37.484222
1764378997.355804,453,36.967136
1764378997.398350,454,37.249729
1764378997.440624,455,36.827839
1764378997.483430,456,37.345985
1764378997.525896,457,36.991840
1764378997.568053,458,36.717247
1764378997.610522,459,37.003967
1764378997.652481,460,36.715168
1764378997.695200,461,36.809406
1764378997.737116,462,36.651711
1764378997.779059,463,36.530910
1764378997.822877,464,38.314690
1764378997.864755,465,36.430592
1764378997.907123,466,36.977154
1764378997.949062,467,36.763489
1764378997.991370,468,36.859550
1764378998.033536,469,36.688576
1764378998.075579,470,36.571838
1764378998.118485,471,36.698814
1764378998.160573,472,36.840130
1764378998.202612,473,36.637344
1764378998.244818,474,36.945087
1764378998.286588,475,36.501919
1764378998.328749,476,36.772385
1764378998.370665,477,36.593311
1764378998.412537,478,36.435650
1764378998.454335,479,36.492992
1764378998.496240,480,36.331169
1764378998.538858,481,36.500130
1764378998.580904,482,36.622017
1764378998.622737,483,36.515518
1764378998.664213,484,36.472511
1764378998.705309,485,36.070080
1764378998.746777,486,36.201153
1764378998.788304,487,35.971775
1764378998.830211,488,36.431553
1764378998.871835,489,36.215553
1764378998.913534,490,36.263905
1764378998.955909,491,36.266689
1764378998.997792,492,36.476578
1764378999.039324,493,36.095680
1764378999.081351,494,36.539520
1764378999.122805,495,35.994270
1764378999.164773,496,36.502174
1764378999.206480,497,36.217537
1764378999.248428,498,36.351681
1764378999.290071,499,36.175552
1764378999.331526,500,36.039490
1764378999.373764,501,36.203262
1764378999.415115,502,36.060863
1764378999.456481,503,35.867359
1764378999.497610,504,36.028927
1764378999.538333,505,35.702209
1764378999.579674,506,36.182720
1764378999.621039,507,36.057152
1764378999.662633,508,36.182655
1764378999.704237,509,36.116161
1764378999.745519,510,36.031200
1764378999.787648,511,35.877953
1764378999.829465,512,36.292290
1764378999.870865,513,35.951298
1764378999.912564,514,36.220608
1764378999.953562,515,35.622528
1764378999.995076,516,36.134590
1764379000.036465,517,35.957439
1764379000.077894,518,35.932991
1764379000.119149,519,35.850113
1764379000.161747,520,37.136993
1764379000.203904,521,35.990143
1764379000.245305,522,36.103905
1764379000.286341,523,35.720833
1764379000.327417,524,35.718849
1764379000.368513,525,35.574463
1764379000.410218,526,36.085442
1764379000.451543,527,35.937984
1764379000.492850,528,35.954369
1764379000.534112,529,35.799648
1764379000.575127,530,35.593025
1764379000.617387,531,36.033375
1764379000.658409,532,35.577538
1764379000.699688,533,35.630848
1764379000.741076,534,35.885792
1764379000.781962,535,35.381058
1764379000.823151,536,35.768002
1764379000.864158,537,35.524288
1764379000.905302,538,35.851807
1764379000.945755,539,35.157726
1764379000.986641,540,35.447487
1764379001.028237,541,35.245728
1764379001.069191,542,35.611198
1764379001.110090,543,35.432159
1764379001.151372,544,35.776066
1764379001.191743,545,35.061344
1764379001.232929,546,35.658432
1764379001.273584,547,35.361759
1764379001.314661,548,35.491550
1764379001.355541,549,35.483330
1764379001.396342,550,35.488449
1764379001.437819,551,35.338112
1764379001.478630,552,35.508926
1764379001.519181,553,35.060577
1764379001.560112,554,35.440319
1764379001.600515,555,35.057343
1764379001.641236,556,35.242687
1764379001.681889,557,35.104191
1764379001.722417,558,35.093185
1764379001.762984,559,35.068607
1764379001.803468,560,35.176033
1764379001.844419,561,34.887745
1764379001.884856,562,35.151550
1764379001.925298,563,34.873886
1764379001.965847,564,35.366592
1764379002.005769,565,35.026272
1764379002.046215,566,35.229378
1764379002.086670,567,34.946751
1764379002.127155,568,35.058334
1764379002.167545,569,35.054302
1764379002.208214,570,35.351231
1764379002.250843,571,36.350178
1764379002.291745,572,35.380928
1764379002.331991,573,34.664959
1764379002.372606,574,35.427361
1764379002.412262,575,34.864834
1764379002.452278,576,34.869953
1764379002.492735,577,34.945728
1764379002.533196,578,35.431103
1764379002.573059,579,35.115681
1764379002.613132,580,35.088127
1764379002.654207,581,34.877537
1764379002.694846,582,35.295937
1764379002.735056,583,34.885311
1764379002.775776,584,35.263138
1764379002.815625,585,34.791103
1764379002.855692,586,34.837151
1764379002.896026,587,34.845409
1764379002.936316,588,34.943680
1764379002.976265,589,34.523842
1764379003.016881,590,35.060577
1764379003.057594,591,34.545311
1764379003.097884,592,34.826271
1764379003.137522,593,34.342625
1764379003.177582,594,34.756287
1764379003.217191,595,34.665154
1764379003.257336,596,35.111809
1764379003.297299,597,34.437824
1764379003.337463,598,34.733471
1764379003.377092,599,34.323551
1764379003.452493,600,70.086334
1764379003.492909,601,34.338623
1764379003.532920,602,34.678368
1764379003.572470,603,34.233856
1764379003.612471,604,34.634434
1764379003.651712,605,34.219711
1764379003.691470,606,34.550430
1764379003.731028,607,34.216736
1764379003.771078,608,34.658367
1764379003.810592,609,34.155201
1764379003.850492,610,34.576065
1764379003.890494,611,34.212543
1764379003.931117,612,35.335903
1764379003.970859,613,34.402977
1764379004.011104,614,34.902687
1764379004.050824,615,34.343552
1764379004.091136,616,34.920128
1764379004.130526,617,34.295425
1764379004.170404,618,34.755264
1764379004.210076,619,34.341568
1764379004.252216,620,36.813377
1764379004.292314,621,34.273983
1764379004.332062,622,34.579136
1764379004.371315,623,34.162624
1764379004.410987,624,34.547394
1764379004.450620,625,34.224770
1764379004.490337,626,34.604736
1764379004.529571,627,34.157440
1764379004.569515,628,34.579391
1764379004.609329,629,34.657471
1764379004.648903,630,34.458241
1764379004.689024,631,34.307938
1764379004.728653,632,34.486305
1764379004.768119,633,34.067135
1764379004.807655,634,34.413216
1764379004.846671,635,34.030273
1764379004.885767,636,34.288158
1764379004.924629,637,33.907425
1764379004.964281,638,34.360992
1764379005.003786,639,34.036350
1764379005.043536,640,34.325184
1764379005.083704,641,33.951393
1764379005.123216,642,34.350784
1764379005.162384,643,34.053825
1764379005.201977,644,34.222782
1764379005.241402,645,34.051071
1764379005.281278,646,34.283134
1764379005.320702,647,34.034367
1764379005.360373,648,34.274754
1764379005.399692,649,33.932926
1764379005.439417,650,34.229889
1764379005.479414,651,33.829567
1764379005.519158,652,34.162304
1764379005.558430,653,33.860287
1764379005.598239,654,34.196831
1764379005.637092,655,33.743519
1764379005.676327,656,34.015873
1764379005.715487,657,33.773151
1764379005.755026,658,34.122433
1764379005.794352,659,33.735359
1764379005.833905,660,34.169567
1764379005.873711,661,33.720768
1764379005.913161,662,34.050690
1764379005.952376,663,33.710464
1764379005.991761,664,33.960609
1764379006.030931,665,33.694527
1764379006.070384,666,34.058945
1764379006.109402,667,33.611458
1764379006.148860,668,33.887936
1764379006.188105,669,33.716320
1764379006.229034,670,35.518177
1764379006.268938,671,33.764065
1764379006.308341,672,33.837727
1764379006.347508,673,33.653343
1764379006.386872,674,33.918560
1764379006.425884,675,33.588898
1764379006.465275,676,33.975937
1764379006.504347,677,33.616863
1764379006.543694,678,33.905342
1764379006.582938,679,33.797665
1764379006.622067,680,33.743553
1764379006.661866,681,33.520321
1764379006.701249,682,33.847328
1764379006.740137,683,33.475266
1764379006.779419,684,33.786560
1764379006.818300,685,33.461952
1764379006.857546,686,33.700928
1764379006.896523,687,33.522911
1764379006.935633,688,33.722050
1764379006.974505,689,33.434464
1764379007.013485,690,33.599167
1764379007.053178,691,33.379967
1764379007.092368,692,33.630783
1764379007.131136,693,33.368767
1764379007.170246,694,33.691360
1764379007.208985,695,33.329857
1764379007.248235,696,33.644257
1764379007.287085,697,33.372799
1764379007.326177,698,33.645248
1764379007.364863,699,33.302208
1764379007.403855,700,33.577599
1764379007.443399,701,33.382080
1764379007.482599,702,33.625793
1764379007.521209,703,33.266369
1764379007.559806,704,33.469185
1764379007.597861,705,33.131294
1764379007.636424,706,33.428127
1764379007.675096,707,33.247936
1764379007.714044,708,33.514111
1764379007.752606,709,33.178303
1764379007.791518,710,33.417919
1764379007.830951,711,33.225441
1764379007.869954,712,33.524448
1764379007.908503,713,33.179329
1764379007.947363,714,33.470142
1764379007.985766,715,33.112766
1764379008.024314,716,33.300159
1764379008.062977,717,33.231392
1764379008.101850,718,33.427071
1764379008.140447,719,33.205982
1764379008.179191,720,33.327808
1764379008.220203,721,34.801662
1764379008.259153,722,33.520321
1764379008.297729,723,33.119873
1764379008.336322,724,33.340767
1764379008.374327,725,33.078785
1764379008.412659,726,33.256096
1764379008.451241,727,33.173119
1764379008.490009,728,33.329792
1764379008.528551,729,33.017536
1764379008.567466,730,33.406433
1764379008.606947,731,33.310207
1764379008.645858,732,33.440353
1764379008.684227,733,32.982719
1764379008.723011,734,33.306305
1764379008.761481,735,33.118847
1764379008.799894,736,33.284737
1764379008.838401,737,33.068642
1764379008.877111,738,33.290913
1764379008.915239,739,32.883938
1764379008.953418,740,33.303391
1764379008.992223,741,32.976578
1764379009.030934,742,33.341057
1764379009.069441,743,33.046207
1764379009.108233,744,33.246559
1764379009.146793,745,33.025665
1764379009.185472,746,33.230465
1764379009.224027,747,33.109695
1764379009.262798,748,33.338047
1764379009.301293,749,32.926113
1764379009.340060,750,33.195713
1764379009.379215,751,33.044098
1764379009.417947,752,33.280735
1764379009.456314,753,32.936737
1764379009.494675,754,33.142368
1764379009.532604,755,32.873055
1764379009.570745,756,32.999104
1764379009.609071,757,32.912991
1764379009.647646,758,33.113792
1764379009.686039,759,32.891968
1764379009.724663,760,33.198143
1764379009.763757,761,32.968384
1764379009.802351,762,33.145535
1764379009.840636,763,32.815807
1764379009.879368,764,33.185471
1764379009.917276,765,32.742146
1764379009.955519,766,32.962273
1764379009.993725,767,32.772766
1764379010.032111,768,32.984768
1764379010.070492,769,32.891041
1764379010.108930,770,33.003136
1764379010.148024,771,32.823936
1764379010.186440,772,33.004192
1764379010.226135,773,34.287392
1764379010.264531,774,33.031200
1764379010.302010,775,32.626369
1764379010.340076,776,32.810081
1764379010.378191,777,32.683712
1764379010.416545,778,32.900543
1764379010.454688,779,32.757378
1764379010.493152,780,32.927551
1764379010.532378,781,32.905216
1764379010.570508,782,32.935585
1764379010.608889,783,32.962238
1764379010.647156,784,32.871040
1764379010.685385,785,32.765598
1764379010.723754,786,32.825985
1764379010.762004,787,32.744736
1764379010.800264,788,32.807552
1764379010.838332,789,32.662209
1764379010.876270,790,32.808674
1764379010.914769,791,32.452831
1764379010.953188,792,32.974014
1764379010.991215,793,32.564991
1764379011.029474,794,32.815742
1764379011.067122,795,32.519745
1764379011.105045,796,32.793282
1764379011.143099,797,32.637505
1764379011.181548,798,32.813568
1764379011.219462,799,32.496258
1764379011.291819,800,66.872002
1764379011.330684,801,32.544415
1764379011.369004,802,32.894047
1764379011.406992,803,32.521984
1764379011.445271,804,32.802498
1764379011.482914,805,32.501152
1764379011.520801,806,32.752319
1764379011.558803,807,32.554688
1764379011.597164,808,32.782112
1764379011.635026,809,32.419647
1764379011.673119,810,32.661182
1764379011.711695,811,32.469536
1764379011.749792,812,32.646847
1764379011.787645,813,32.433857
1764379011.825439,814,32.596001
1764379011.862728,815,32.420544
1764379011.900358,816,32.519871
1764379011.938395,817,32.508610
1764379011.976437,818,32.602688
1764379012.014000,819,32.441921
1764379012.051726,820,32.484032
1764379012.090153,821,32.283585
1764379012.128307,822,32.735554
1764379012.166151,823,32.407230
1764379012.204141,824,32.550591
1764379012.242006,825,32.362400
1764379012.280145,826,32.556736
1764379012.317869,827,32.285183
1764379012.357825,828,34.386593
1764379012.395628,829,32.367294
1764379012.433688,830,32.574081
1764379012.472210,831,32.392769
1764379012.510090,832,32.473728
1764379012.547863,833,32.351936
1764379012.585551,834,32.516735
1764379012.622561,835,32.161503
1764379012.660148,836,32.316128
1764379012.697997,837,32.435966
1764379012.735988,838,32.524994
1764379012.773688,839,32.277184
1764379012.811738,840,32.507168
1764379012.850076,841,32.232128
1764379012.888096,842,32.615105
1764379012.925764,843,32.245441
1764379012.963580,844,32.408257
1764379013.001375,845,32.292290
1764379013.039456,846,32.586433
1764379013.077188,847,32.281281
1764379013.115140,848,32.402111
1764379013.152642,849,32.090816
1764379013.190474,850,32.401089
1764379013.228984,851,32.157310
1764379013.266807,852,32.409313
1764379013.304607,853,32.336800
1764379013.342417,854,32.374496
1764379013.380046,855,32.182976
1764379013.417854,856,32.331455
1764379013.455506,857,32.213696
1764379013.493220,858,32.288448
1764379013.530869,859,32.072384
1764379013.568655,860,32.305634
1764379013.606741,861,31.988417
1764379013.644555,862,32.385792
1764379013.682092,863,32.116577
1764379013.719811,864,32.289375
1764379013.757520,865,32.233696
1764379013.795268,866,32.302784
1764379013.832712,867,32.006847
1764379013.870607,868,32.364033
1764379013.908067,869,32.052929
1764379013.945785,870,32.289505
1764379013.984127,871,31.995647
1764379014.021412,872,32.156353
1764379014.058231,873,31.955711
1764379014.095267,874,32.065121
1764379014.132459,875,31.869951
1764379014.170124,876,32.203487
1764379014.207514,877,31.975073
1764379014.245038,878,32.070335
1764379014.282615,879,31.930880
1764379014.320270,880,32.219841
1764379014.358326,881,31.945408
1764379014.395972,882,32.226944
1764379014.435228,883,33.795776
1764379014.472927,884,32.225311
1764379014.510303,885,31.939264
1764379014.547962,886,32.193214
1764379014.585377,887,31.984320
1764379014.623093,888,32.145023
1764379014.660572,889,31.965887
1764379014.698336,890,32.251167
1764379014.736232,891,31.996609
1764379014.773452,892,32.048832
1764379014.811024,893,32.156319
1764379014.848704,894,32.062176
1764379014.886141,895,31.979168
1764379014.923861,896,32.092865
1764379014.961320,897,31.976160
1764379014.998807,898,32.047680
1764379015.036362,899,32.063679
1764379015.073932,900,32.159264
1764379015.111988,901,31.887039
1764379015.149536,902,32.053986
1764379015.186957,903,31.911615
1764379015.224346,904,31.964832
1764379015.261827,905,31.975424
1764379015.299356,906,32.109184
1764379015.336678,907,31.886017
1764379015.374330,908,32.110146
1764379015.411376,909,31.619265
1764379015.448897,910,32.102753
1764379015.487062,911,32.035488
1764379015.524679,912,32.019039
1764379015.562071,913,31.938112
1764379015.599646,914,31.954624
1764379015.637031,915,31.930977
1764379015.674579,916,32.095936
1764379015.711882,917,31.889120
1764379015.749464,918,32.116383
1764379015.786628,919,31.774303
1764379015.823824,920,32.042686
1764379015.861413,921,31.742144
1764379015.898772,922,31.946432
1764379015.936120,923,31.892160
1764379015.973241,924,31.939264
1764379016.009753,925,31.667904
1764379016.046625,926,31.762112
1764379016.083929,927,31.688416
1764379016.121197,928,31.820513
1764379016.158345,929,31.744576
1764379016.195723,930,31.977089
1764379016.233589,931,31.737856
1764379016.270821,932,31.809025
1764379016.307975,933,31.713793
1764379016.345181,934,31.763168
1764379016.382154,935,31.546177
1764379016.419369,936,31.825600
1764379016.456509,937,31.553312
1764379016.493618,938,31.693537
1764379016.530685,939,31.680193
1764379016.567979,940,31.716064
1764379016.605514,941,31.469313
1764379016.642689,942,31.777599
1764379016.681385,943,33.440575
1764379016.718246,944,31.704767
1764379016.755263,945,31.625889
1764379016.792554,946,31.819839
1764379016.829692,947,31.675104
1764379016.866851,948,31.752895
1764379016.904086,949,31.797377
1764379016.941276,950,31.762112
1764379016.978959,951,31.578815
1764379017.015950,952,31.811136
1764379017.052622,953,31.488640
1764379017.089555,954,31.763136
1764379017.126157,955,31.741665
1764379017.163012,956,31.606560
1764379017.199976,957,31.425217
1764379017.237183,958,31.807167
1764379017.274460,959,31.775520
1764379017.311701,960,31.837889
1764379017.349373,961,31.567583
1764379017.386469,962,31.682240
1764379017.423422,963,31.529663
1764379017.460578,964,31.553217
1764379017.497724,965,31.597569
1764379017.534921,966,31.756001
1764379017.571868,967,31.513281
1764379017.608873,968,31.594112
1764379017.645869,969,31.596224
1764379017.683045,970,31.598272
1764379017.720673,971,31.493952
1764379017.758039,972,31.810240
1764379017.795011,973,31.559328
1764379017.832067,974,31.639263
1764379017.869061,975,31.602367
1764379017.906111,976,31.632095
1764379017.943123,977,31.592129
1764379017.980141,978,31.473345
1764379018.017151,979,31.537825
1764379018.054121,980,31.559361
1764379018.091696,981,31.455936
1764379018.128538,982,31.697599
1764379018.164720,983,31.341248
1764379018.201440,984,31.611584
1764379018.238432,985,31.451328
1764379018.275360,986,31.554239
1764379018.312459,987,31.481825
1764379018.349510,988,31.603392
1764379018.386408,989,31.465376
1764379018.423374,990,31.571648
1764379018.460934,991,31.448769
1764379018.498227,992,31.720127
1764379018.535205,993,31.356577
1764379018.572448,994,31.597248
1764379018.609404,995,31.509184
1764379018.646532,996,31.678144
1764379018.683338,997,31.400896
1764379018.720370,998,31.519615
1764379018.757327,999,31.553057
1764379018.828100,1000,65.203903
1764379018.865733,1001,31.527617
1764379018.904457,1002,33.311424
1764379018.941484,1003,31.616705
1764379018.978561,1004,31.531456
1764379019.015464,1005,31.510208
1764379019.052449,1006,31.404736
1764379019.089277,1007,31.401665
1764379019.126208,1008,31.518400
1764379019.162683,1009,31.329985
1764379019.199005,1010,31.468191
1764379019.236277,1011,31.237823
1764379019.273338,1012,31.559361
1764379019.310312,1013,31.523520
1764379019.347371,1014,31.630016
1764379019.384213,1015,31.377279
1764379019.421168,1016,31.568577
1764379019.458103,1017,31.386593
1764379019.494993,1018,31.547041
1764379019.531887,1019,31.296127
1764379019.568779,1020,31.474367
1764379019.606344,1021,31.487680
1764379019.643191,1022,31.410849
1764379019.679969,1023,31.321793
1764379019.716877,1024,31.457920
1764379019.753881,1025,31.391424
1764379019.790698,1026,31.373760
1764379019.827379,1027,31.257343
1764379019.864217,1028,31.401665
1764379019.900933,1029,31.321760
1764379019.937796,1030,31.295391
1764379019.975235,1031,31.331841
1764379020.012121,1032,31.305376
1764379020.048681,1033,31.148735
1764379020.085113,1034,31.103712
1764379020.121339,1035,30.883520
1764379020.157819,1036,31.109823
1764379020.194213,1037,30.871552
1764379020.230695,1038,31.116993
1764379020.267249,1039,31.019745
1764379020.303808,1040,31.017664
1764379020.340772,1041,30.902975
1764379020.376998,1042,30.869184
1764379020.413350,1043,30.995392
1764379020.449877,1044,31.040319
1764379020.486056,1045,30.809792
1764379020.522450,1046,31.047359
1764379020.558788,1047,30.805729
1764379020.595137,1048,30.865088
1764379020.631452,1049,30.748352
1764379020.667705,1050,30.851809
1764379020.704755,1051,30.920095
1764379020.741597,1052,30.934464
1764379020.777808,1053,31.026815
1764379020.814072,1054,31.152832
1764379020.850655,1055,31.485632
1764379020.887381,1056,31.171265
1764379020.923970,1057,31.012545
1764379020.960647,1058,31.278784
1764379020.997298,1059,31.135616
1764379021.034019,1060,31.292095
1764379021.071095,1061,30.962368
1764379021.109366,1062,33.083103
1764379021.145821,1063,31.107073
1764379021.182301,1064,31.035999
1764379021.219016,1065,31.264448
1764379021.255691,1066,31.048384
1764379021.292248,1067,31.035072
1764379021.328723,1068,31.035936
1764379021.365187,1069,31.025856
1764379021.402039,1070,31.270016
1764379021.438788,1071,30.878271
1764379021.475127,1072,31.198912
1764379021.511843,1073,31.098593
1764379021.548627,1074,31.286016
1764379021.584717,1075,30.900928
1764379021.620784,1076,30.910145
1764379021.657230,1077,30.987007
1764379021.693738,1078,30.925793
1764379021.730092,1079,30.903999
1764379021.766844,1080,31.126017
1764379021.803975,1081,30.859009
1764379021.840360,1082,30.958273
1764379021.876635,1083,30.824127
1764379021.912925,1084,30.996161
1764379021.949398,1085,30.994368
1764379021.985401,1086,30.807680
1764379022.021839,1087,30.982880
1764379022.058373,1088,30.923616
1764379022.094478,1089,30.779072
1764379022.130249,1090,30.718624
1764379022.166914,1091,30.611135
1764379022.203206,1092,30.701248
1764379022.239569,1093,30.922432
1764379022.275538,1094,30.794464
1764379022.311827,1095,30.750431
1764379022.348094,1096,30.801409
1764379022.384488,1097,30.925535
1764379022.420425,1098,30.772928
1764379022.455896,1099,30.572256
1764379022.491777,1100,30.767712
1764379022.528839,1101,30.776031
1764379022.565279,1102,31.001345
1764379022.601810,1103,30.949472
1764379022.638259,1104,31.001280
1764379022.674352,1105,30.675648
1764379022.710605,1106,30.807808
1764379022.746711,1107,30.637760
1764379022.783121,1108,30.930624
1764379022.819348,1109,30.563520
1764379022.855679,1110,30.783169
1764379022.892531,1111,30.660288
1764379022.928790,1112,30.803648
1764379022.965048,1113,30.774977
1764379023.000901,1114,30.692032
1764379023.036653,1115,30.892736
1764379023.072460,1116,30.601984
1764379023.108476,1117,30.598848
1764379023.144352,1118,30.683807
1764379023.180315,1119,30.773952
1764379023.216645,1120,30.878401
1764379023.253726,1121,30.923456
1764379023.289836,1122,30.715584
1764379023.325834,1123,30.658239
1764379023.362292,1124,30.885344
1764379023.398304,1125,30.862944
1764379023.434467,1126,30.844608
1764379023.472442,1127,32.513790
1764379023.508466,1128,30.849695
1764379023.543903,1129,30.553761
1764379023.579813,1130,30.758593
1764379023.616763,1131,30.631584
1764379023.653025,1132,30.789312
1764379023.689580,1133,30.952065
1764379023.725884,1134,30.824127
1764379023.761798,1135,30.764864
1764379023.797668,1136,30.678720
1764379023.833777,1137,30.666368
1764379023.870055,1138,30.813889
1764379023.906523,1139,30.848320
1764379023.942947,1140,30.758783
1764379023.979883,1141,30.660288
1764379024.016206,1142,30.749664
1764379024.052470,1143,30.804672
1764379024.088775,1144,30.872255
1764379024.124625,1145,30.717665
1764379024.160470,1146,30.680767
1764379024.196665,1147,30.752480
1764379024.233075,1148,30.857759
1764379024.269536,1149,30.959328
1764379024.306026,1150,30.883392
1764379024.343010,1151,30.770945
1764379024.379539,1152,31.086271
1764379024.415812,1153,30.814688
1764379024.451840,1154,30.826208
1764379024.487508,1155,30.732096
1764379024.523270,1156,30.688959
1764379024.559243,1157,30.790337
1764379024.595758,1158,30.871231
1764379024.632054,1159,30.843616
1764379024.668718,1160,31.238848
1764379024.705757,1161,30.911167
1764379024.742240,1162,31.035105
1764379024.779014,1163,31.152000
1764379024.815248,1164,30.870209
1764379024.850948,1165,30.772224
1764379024.887076,1166,30.847872
1764379024.923535,1167,30.849728
1764379024.959745,1168,30.770624
1764379024.996012,1169,30.767040
1764379025.031940,1170,30.782145
1764379025.068495,1171,30.810848
1764379025.104506,1172,30.845633
1764379025.140877,1173,30.966463
1764379025.177098,1174,30.596224
1764379025.212869,1175,30.644672
1764379025.248738,1176,30.726849
1764379025.284689,1177,30.561983
1764379025.320690,1178,30.597824
1764379025.356943,1179,30.773439
1764379025.392584,1180,30.514015
1764379025.429186,1181,30.648031
1764379025.465272,1182,30.582785
1764379025.501275,1183,30.611168
1764379025.536994,1184,30.609089
1764379025.572737,1185,30.634720
1764379025.608628,1186,30.518976
1764379025.644747,1187,30.735041
1764379025.680868,1188,30.616480
1764379025.716973,1189,30.715424
1764379025.753365,1190,30.868000
1764379025.789861,1191,30.636608
1764379025.825286,1192,30.559937
1764379025.861033,1193,30.654177
1764379025.897108,1194,30.662336
1764379025.932955,1195,30.712511
1764379025.968800,1196,30.599808
1764379026.004882,1197,30.683840
1764379026.041109,1198,30.675713
1764379026.079538,1199,33.019585
1764379026.149060,1200,64.086685
1764379026.185823,1201,30.660255
1764379026.222019,1202,30.774048
1764379026.258146,1203,30.616192
1764379026.294523,1204,30.736000
1764379026.330623,1205,30.758593
1764379026.366496,1206,30.560703
1764379026.402685,1207,30.627520
1764379026.438704,1208,30.652096
1764379026.474936,1209,30.670303
1764379026.511118,1210,30.620256
1764379026.547678,1211,30.531937
1764379026.583090,1212,30.468800
1764379026.618890,1213,30.528225
1764379026.654849,1214,30.442112
1764379026.690753,1215,30.633696
1764379026.726525,1216,30.456512
1764379026.762652,1217,30.559937
1764379026.798581,1218,30.614208
1764379026.834501,1219,30.623425
1764379026.870342,1220,30.538401
1764379026.906944,1221,30.592768
1764379026.943116,1222,30.577312
1764379026.979268,1223,30.553568
1764379027.015455,1224,30.541504
1764379027.051524,1225,30.522240
1764379027.087208,1226,30.506687
1764379027.122649,1227,30.570112
1764379027.158266,1228,30.517952
1764379027.194244,1229,30.591681
1764379027.229893,1230,30.516960
1764379027.266499,1231,30.719681
1764379027.302272,1232,30.467775
1764379027.338035,1233,30.445185
1764379027.374010,1234,30.611135
1764379027.409837,1235,30.521025
1764379027.445627,1236,30.513088
1764379027.481642,1237,30.598816
1764379027.517774,1238,30.736065
1764379027.553666,1239,30.507263
1764379027.589355,1240,30.568129
1764379027.625587,1241,30.485825
1764379027.661113,1242,30.357183
1764379027.697090,1243,30.574272
1764379027.733108,1244,30.492449
1764379027.769065,1245,30.545601
1764379027.804677,1246,30.484192
1764379027.840192,1247,30.392033
1764379027.876127,1248,30.495424
1764379027.912143,1249,30.535360
1764379027.947927,1250,30.333632
1764379027.984377,1251,30.331488
1764379028.020026,1252,30.504513
1764379028.055557,1253,30.318815
1764379028.091457,1254,30.370848
1764379028.127255,1255,30.365376
1764379028.163049,1256,30.371519
1764379028.198932,1257,30.428928
1764379028.234935,1258,30.426785
1764379028.270606,1259,30.095039
1764379028.306471,1260,30.294720
1764379028.343133,1261,30.336704
1764379028.378968,1262,30.368481
1764379028.414926,1263,30.356192
1764379028.450822,1264,30.350016
1764379028.486687,1265,30.327711
1764379028.522499,1266,30.308031
1764379028.558443,1267,30.377632
1764379028.593987,1268,30.232256
1764379028.629267,1269,30.282463
1764379028.664782,1270,30.369473
1764379028.701456,1271,30.425056
1764379028.737269,1272,30.375488
1764379028.775265,1273,32.605824
1764379028.811038,1274,30.332447
1764379028.846472,1275,30.280289
1764379028.881965,1276,30.341824
1764379028.917843,1277,30.312160
1764379028.953667,1278,30.290880
1764379028.989548,1279,30.469824
1764379029.025531,1280,30.446239
1764379029.062055,1281,30.302816
1764379029.097831,1282,30.362272
1764379029.133549,1283,30.317247
1764379029.169239,1284,30.285503
1764379029.204703,1285,30.348928
1764379029.240150,1286,30.206944
1764379029.276007,1287,30.427839
1764379029.311819,1288,30.326048
1764379029.347479,1289,30.232512
1764379029.383233,1290,30.310080
1764379029.419709,1291,30.288544
1764379029.455375,1292,30.222015
1764379029.491135,1293,30.310112
1764379029.526581,1294,30.259905
1764379029.561743,1295,30.101185
1764379029.597190,1296,30.226240
1764379029.632747,1297,30.422815
1764379029.668231,1298,30.217056
1764379029.703872,1299,30.227968
1764379029.739592,1300,30.273216
1764379029.776108,1301,30.393024
1764379029.811890,1302,30.373505
1764379029.847617,1303,30.293695
1764379029.883371,1304,30.344929
1764379029.919122,1305,30.212799
1764379029.955113,1306,30.271200
1764379029.991318,1307,30.589567
1764379030.027480,1308,30.600897
1764379030.063534,1309,30.436031
1764379030.099813,1310,30.718657
1764379030.136599,1311,30.644928
1764379030.172168,1312,30.300735
1764379030.207685,1313,30.512833
1764379030.243460,1314,30.447296
1764379030.279722,1315,30.530081
1764379030.316037,1316,30.683744
1764379030.351988,1317,30.552992
1764379030.387924,1318,30.676607
1764379030.423505,1319,30.576256
1764379030.459466,1320,30.959295
1764379030.496186,1321,30.717695
1764379030.531872,1322,30.604897
1764379030.567189,1323,30.379744
1764379030.603544,1324,30.996000
1764379030.639209,1325,30.349983
1764379030.674905,1326,30.408384
1764379030.711076,1327,30.547680
1764379030.747052,1328,30.597792
1764379030.782763,1329,30.246529
1764379030.819056,1330,30.628448
1764379030.855617,1331,30.702272
1764379030.891280,1332,30.376640
1764379030.927614,1333,30.599936
1764379030.963400,1334,30.559937
1764379031.001588,1335,32.877247
1764379031.037474,1336,30.598848
1764379031.072955,1337,30.630592
1764379031.108739,1338,30.608288
1764379031.144426,1339,30.317247
1764379031.180236,1340,30.451391
1764379031.216809,1341,30.425312
1764379031.255182,1342,32.996033
1764379031.290874,1343,30.273216
1764379031.326616,1344,30.366400
1764379031.362443,1345,30.493376
1764379031.398185,1346,30.192352
1764379031.433951,1347,30.210625
1764379031.470006,1348,30.523169
1764379031.505776,1349,30.245567
1764379031.541651,1350,30.386017
1764379031.578136,1351,30.346945
1764379031.613837,1352,30.362368
1764379031.649517,1353,30.325537
1764379031.685360,1354,30.496321
1764379031.721218,1355,30.483488
1764379031.757094,1356,30.356417
1764379031.792896,1357,30.418720
1764379031.828783,1358,30.338240
1764379031.864508,1359,30.338753
1764379031.900254,1360,30.384832
1764379031.936331,1361,30.285408
1764379031.971499,1362,30.319328
1764379032.006723,1363,30.148289
1764379032.042290,1364,30.235329
1764379032.077842,1365,30.457567
1764379032.113355,1366,30.292000
1764379032.149153,1367,30.437952
1764379032.185096,1368,30.424704
1764379032.220795,1369,30.314400
1764379032.256651,1370,30.445248
1764379032.293122,1371,30.403263
1764379032.328858,1372,30.346815
1764379032.364607,1373,30.397120
1764379032.400424,1374,30.366913
1764379032.436176,1375,30.380735
1764379032.472057,1376,30.411425
1764379032.507821,1377,30.371456
1764379032.543617,1378,30.400192
1764379032.579473,1379,30.435007
1764379032.615242,1380,30.369568
1764379032.651828,1381,30.503584
1764379032.687704,1382,30.400896
1764379032.723510,1383,30.393024
1764379032.759180,1384,30.501600
1764379032.794498,1385,30.312609
1764379032.830024,1386,30.290592
1764379032.865762,1387,30.225088
1764379032.901577,1388,30.300257
1764379032.937266,1389,30.269152
1764379032.973100,1390,30.452480
1764379033.009390,1391,30.325888
1764379033.044802,1392,30.296768
1764379033.080560,1393,30.363359
1764379033.116271,1394,30.335680
1764379033.151628,1395,30.248480
1764379033.187111,1396,30.312128
1764379033.222861,1397,30.317247
1764379033.258662,1398,30.284479
1764379033.294443,1399,30.220192
1764379033.362468,1400,62.458561
1764379033.399164,1401,30.275040
1764379033.435109,1402,30.398111
1764379033.470894,1403,30.387936
1764379033.506659,1404,30.366400
1764379033.542340,1405,30.305984
1764379033.578049,1406,30.345921
1764379033.613708,1407,30.311041
1764379033.652205,1408,33.144417
1764379033.688044,1409,30.403393
1764379033.723856,1410,30.357183
1764379033.760393,1411,30.376640
1764379033.796126,1412,30.360256
1764379033.831880,1413,30.399263
1764379033.867396,1414,30.366400
1764379033.902580,1415,30.339775
1764379033.937981,1416,30.350016
1764379033.973707,1417,30.230207
1764379034.009707,1418,30.488928
1764379034.045537,1419,30.308992
1764379034.081349,1420,30.411455
1764379034.117972,1421,30.548288
1764379034.153979,1422,30.623392
1764379034.189662,1423,30.296768
1764379034.225291,1424,30.235329
1764379034.260787,1425,30.410433
1764379034.296191,1426,30.217249
1764379034.331788,1427,30.242496
1764379034.367624,1428,30.326241
1764379034.403275,1429,30.157503
1764379034.438829,1430,30.165567
1764379034.475109,1431,30.164673
1764379034.510665,1432,30.160576
1764379034.546020,1433,29.990721
1764379034.581346,1434,30.225088
1764379034.616320,1435,30.005823
1764379034.651476,1436,30.025408
1764379034.686905,1437,30.001921
1764379034.722426,1438,30.014145
1764379034.757996,1439,30.045889
1764379034.793603,1440,30.085793
1764379034.829663,1441,30.009216
1764379034.865020,1442,30.009024
1764379034.900475,1443,30.105280
1764379034.936042,1444,30.044256
1764379034.971266,1445,30.099968
1764379035.006269,1446,29.897152
1764379035.041566,1447,29.927105
1764379035.076907,1448,29.996737
1764379035.112399,1449,29.973280
1764379035.147721,1450,29.929152
1764379035.183702,1451,29.894337
1764379035.219167,1452,30.054815
1764379035.254539,1453,29.937281
1764379035.290088,1454,29.975231
1764379035.325233,1455,29.894337
1764379035.360427,1456,29.937408
1764379035.395777,1457,29.942465
1764379035.431277,1458,30.045889
1764379035.466746,1459,29.865696
1764379035.502139,1460,30.001856
1764379035.537933,1461,29.984480
1764379035.572763,1462,29.988544
1764379035.607590,1463,29.757153
1764379035.643051,1464,30.055103
1764379035.678116,1465,29.923008
1764379035.713254,1466,29.873056
1764379035.748611,1467,29.980543
1764379035.784042,1468,29.915808
1764379035.819349,1469,29.936352
1764379035.854774,1470,30.021313
1764379035.890901,1471,30.066208
1764379035.926193,1472,29.899456
1764379035.961371,1473,29.839041
1764379035.996724,1474,30.003872
1764379036.031801,1475,29.842112
1764379036.066938,1476,29.874945
1764379036.102297,1477,29.943968
1764379036.137794,1478,29.965025
1764379036.173232,1479,29.902559
1764379036.208632,1480,30.011072
1764379036.247097,1481,32.356064
1764379036.282608,1482,30.052065
1764379036.317978,1483,29.982401
1764379036.353142,1484,29.908705
1764379036.387883,1485,29.733536
1764379036.422757,1486,29.767361
1764379036.457986,1487,29.738625
1764379036.493534,1488,30.000864
1764379036.529528,1489,30.464800
1764379036.564959,1490,29.882849
1764379036.600872,1491,29.827841
1764379036.636186,1492,29.953728
1764379036.671365,1493,29.814465
1764379036.706418,1494,29.899456
1764379036.740967,1495,29.711040
1764379036.775760,1496,29.729471
1764379036.811126,1497,30.007999
1764379036.846472,1498,29.913824
1764379036.881814,1499,29.817696
1764379036.917308,1500,29.997087
1764379036.953280,1501,29.727425
1764379036.988679,1502,29.881792
1764379037.023779,1503,29.706079
1764379037.059056,1504,29.873888
1764379037.094238,1505,29.782881
1764379037.129405,1506,29.814465
1764379037.164434,1507,29.663937
1764379037.199764,1508,29.962944
1764379037.234942,1509,29.677055
1764379037.270245,1510,29.785791
1764379037.306197,1511,29.682337
1764379037.341650,1512,29.914783
1764379037.377018,1513,29.855841
1764379037.412312,1514,29.769695
1764379037.447370,1515,29.636288
1764379037.482538,1516,29.742785
1764379037.517599,1517,29.695681
1764379037.552762,1518,29.788864
1764379037.587810,1519,29.663937
1764379037.622881,1520,29.676128
1764379037.658741,1521,29.708960
1764379037.694077,1522,29.930176
1764379037.729275,1523,29.688128
1764379037.764533,1524,29.859232
1764379037.799395,1525,29.745695
1764379037.834380,1526,29.844095
1764379037.869469,1527,29.536961
1764379037.905263,1528,30.275328
1764379037.940388,1529,29.684256
1764379037.975461,1530,29.720257
1764379038.011278,1531,29.708992
1764379038.046407,1532,29.711040
1764379038.081574,1533,29.627041
1764379038.116842,1534,29.787872
1764379038.151488,1535,29.526752
1764379038.186346,1536,29.727360
1764379038.221548,1537,29.834944
1764379038.257250,1538,30.198080
1764379038.292320,1539,29.673088
1764379038.327473,1540,29.793983
1764379038.362780,1541,29.511360
1764379038.397495,1542,29.630144
1764379038.432448,1543,29.652672
1764379038.467641,1544,29.721121
1764379038.502561,1545,29.701824
1764379038.537283,1546,29.608576
1764379038.572213,1547,29.537121
1764379038.607326,1548,29.731487
1764379038.642341,1549,29.561567
1764379038.677568,1550,29.689535
1764379038.713316,1551,29.512384
1764379038.748523,1552,29.705343
1764379038.783612,1553,29.674175
1764379038.818827,1554,29.800097
1764379038.853889,1555,29.541824
1764379038.889143,1556,29.702272
1764379038.924169,1557,29.637217
1764379038.959353,1558,29.787840
1764379038.994301,1559,29.551231
1764379039.031561,1560,31.898304
1764379039.067383,1561,29.649120
1764379039.102603,1562,29.649632
1764379039.137532,1563,29.568993
1764379039.172598,1564,29.712065
1764379039.207686,1565,29.596224
1764379039.242914,1566,29.778624
1764379039.277975,1567,29.665855
1764379039.312828,1568,29.788832
1764379039.347471,1569,29.528448
1764379039.382566,1570,29.717184
1764379039.418313,1571,29.634239
1764379039.453571,1572,29.702848
1764379039.488843,1573,29.693920
1764379039.523580,1574,29.632256
1764379039.558391,1575,29.688513
1764379039.593670,1576,29.896288
1764379039.628876,1577,29.701153
1764379039.663898,1578,29.630144
1764379039.699040,1579,29.723328
1764379039.734060,1580,29.644480
1764379039.769725,1581,29.620993
1764379039.804884,1582,29.792959
1764379039.840023,1583,29.574848
1764379039.874951,1584,29.535904
1764379039.909974,1585,29.635263
1764379039.945253,1586,29.909727
1764379039.980230,1587,29.500000
1764379040.015267,1588,29.670015
1764379040.050342,1589,29.687489
1764379040.085370,1590,29.634239
1764379040.120822,1591,29.447905
1764379040.155942,1592,29.753023
1764379040.190990,1593,29.605087
1764379040.226073,1594,29.544928
1764379040.261131,1595,29.513344
1764379040.296409,1596,29.742847
1764379040.331410,1597,29.510176
1764379040.366588,1598,29.605568
1764379040.401502,1599,29.535168
1764379040.467121,1600,60.229313
1764379040.502730,1601,29.486784
1764379040.537812,1602,29.670113
1764379040.572729,1603,29.565632
1764379040.607681,1604,29.574848
1764379040.642418,1605,29.608671
1764379040.676874,1606,29.621952
1764379040.711169,1607,29.384960
1764379040.745885,1608,29.434656
1764379040.781059,1609,29.663872
1764379040.816089,1610,29.627071
1764379040.851737,1611,29.452032
1764379040.886797,1612,29.599457
1764379040.921710,1613,29.474497
1764379040.956758,1614,29.674112
1764379040.991611,1615,29.508320
1764379041.026523,1616,29.521473
1764379041.061414,1617,29.530815
1764379041.096353,1618,29.578943
1764379041.131264,1619,29.470304
1764379041.166469,1620,29.640385
1764379041.201906,1621,29.567680
1764379041.236914,1622,30.172672
1764379041.271654,1623,29.495008
1764379041.306757,1624,29.623009
1764379041.341446,1625,29.559521
1764379041.375868,1626,29.562559
1764379041.410390,1627,29.438688
1764379041.445272,1628,29.533695
1764379041.480244,1629,29.615711
1764379041.515280,1630,29.615744
1764379041.550761,1631,29.364927
1764379041.585627,1632,29.528799
1764379041.621048,1633,30.066368
1764379041.656146,1634,29.559488
1764379041.690819,1635,29.561567
1764379041.725504,1636,29.604544
1764379041.760446,1637,29.591265
1764379041.797510,1638,31.711937
1764379041.832848,1639,29.964001
1764379041.868038,1640,29.670208
1764379041.903558,1641,29.444769
1764379041.938731,1642,29.644480
1764379041.974170,1643,29.873856
1764379042.009782,1644,29.854401
1764379042.044713,1645,29.544224
1764379042.080025,1646,29.984287
1764379042.114891,1647,29.507296
1764379042.149951,1648,29.541056
1764379042.185365,1649,29.907648
1764379042.221398,1650,30.368416
1764379042.257158,1651,29.436607
1764379042.292484,1652,29.706944
1764379042.328004,1653,29.899103
1764379042.363335,1654,29.777985
1764379042.398814,1655,29.879936
1764379042.434057,1656,29.889215
1764379042.469002,1657,29.589121
1764379042.504182,1658,29.663937
1764379042.539453,1659,29.919935
1764379042.574565,1660,29.644447
1764379042.610593,1661,29.814465
1764379042.645663,1662,29.724447
1764379042.680917,1663,29.611073
1764379042.715975,1664,29.763264
1764379042.750512,1665,29.756800
1764379042.785650,1666,29.782721
1764379042.821526,1667,30.263008
1764379042.857379,1668,30.390816
1764379042.893173,1669,30.177952
1764379042.928582,1670,29.776512
1764379042.964725,1671,30.152321
1764379043.000205,1672,29.977280
1764379043.035548,1673,29.841087
1764379043.070803,1674,29.750944
1764379043.106095,1675,29.814367
1764379043.141702,1676,30.091841
1764379043.176794,1677,29.490816
1764379043.212182,1678,29.812288
1764379043.247384,1679,29.651136
1764379043.282695,1680,29.613567
1764379043.318677,1681,29.715679
1764379043.354234,1682,29.865664
1764379043.389347,1683,29.411009
1764379043.424911,1684,29.962015
1764379043.460027,1685,29.888191
1764379043.494564,1686,29.463232
1764379043.529496,1687,29.404833
1764379043.565478,1688,30.451233
1764379043.600469,1689,29.482817
1764379043.635627,1690,29.748896
1764379043.671388,1691,29.718208
1764379043.706459,1692,29.552320
1764379043.741613,1693,29.911743
1764379043.776534,1694,29.820671
1764379043.810904,1695,29.378271
1764379043.845920,1696,29.842112
1764379043.881191,1697,29.759905
1764379043.916178,1698,29.523647
1764379043.951527,1699,29.809343
1764379043.987098,1700,30.004929
1764379044.022635,1701,29.444832
1764379044.057610,1702,29.437664
1764379044.092552,1703,29.464895
1764379044.127410,1704,29.629120
1764379044.161982,1705,29.737663
1764379044.197017,1706,29.843296
1764379044.232106,1707,29.408960
1764379044.267514,1708,29.905632
1764379044.302632,1709,29.766336
1764379044.337856,1710,29.733631
1764379044.373719,1711,29.710785
1764379044.408924,1712,29.869505
1764379044.444185,1713,29.631968
1764379044.479595,1714,29.911680
1764379044.514790,1715,29.820608
1764379044.549912,1716,29.607616
1764379044.585376,1717,29.942432
1764379044.620642,1718,29.791872
1764379044.655837,1719,29.724384
1764379044.691146,1720,29.768320
1764379044.726987,1721,29.793888
1764379044.762449,1722,29.942305
1764379044.797476,1723,29.830849
1764379044.834760,1724,32.105152
1764379044.869888,1725,29.548223
1764379044.905271,1726,29.779264
1764379044.940215,1727,29.487040
1764379044.975484,1728,29.854336
1764379045.010490,1729,29.499329
1764379045.045684,1730,29.711040
1764379045.081843,1731,29.794975
1764379045.117444,1732,29.927809
1764379045.152567,1733,29.539200
1764379045.187708,1734,29.630177
1764379045.223049,1735,29.789888
1764379045.258404,1736,29.844160
1764379045.293748,1737,29.847103
1764379045.329220,1738,29.835968
1764379045.364318,1739,29.499071
1764379045.399137,1740,29.479616
1764379045.434998,1741,29.851328
1764379045.470217,1742,29.694048
1764379045.505865,1743,29.953665
1764379045.541394,1744,29.997919
1764379045.576264,1745,29.581728
1764379045.611175,1746,29.757088
1764379045.646201,1747,29.498049
1764379045.681477,1748,29.780704
1764379045.717398,1749,30.244768
1764379045.753575,1750,30.488800
1764379045.789063,1751,29.410112
1764379045.823857,1752,29.678047
1764379045.858861,1753,29.723488
1764379045.894099,1754,29.604544
1764379045.929464,1755,29.662912
1764379045.965182,1756,30.229601
1764379046.000282,1757,29.462208
1764379046.035571,1758,29.746880
1764379046.070806,1759,29.861568
1764379046.106067,1760,29.759169
1764379046.142085,1761,29.862593
1764379046.177264,1762,29.850304
1764379046.212455,1763,29.703903
1764379046.248005,1764,30.007999
1764379046.283324,1765,29.970079
1764379046.318507,1766,29.815489
1764379046.353770,1767,29.783615
1764379046.389159,1768,29.766336
1764379046.424473,1769,29.645439
1764379046.460060,1770,30.044865
1764379046.495970,1771,29.897408
1764379046.531197,1772,30.011072
1764379046.566327,1773,29.847136
1764379046.601517,1774,29.669888
1764379046.636677,1775,29.532608
1764379046.672081,1776,29.885056
1764379046.707219,1777,29.794271
1764379046.742599,1778,29.794016
1764379046.777977,1779,29.649536
1764379046.813142,1780,29.953760
1764379046.848287,1781,29.454016
1764379046.882922,1782,29.535936
1764379046.917879,1783,29.485697
1764379046.953237,1784,29.878977
1764379046.989178,1785,30.410368
1764379047.025102,1786,30.422815
1764379047.060497,1787,29.757153
1764379047.095348,1788,29.770271
1764379047.130197,1789,29.607616
1764379047.165779,1790,30.070496
1764379047.201857,1791,29.693665
1764379047.237042,1792,29.564672
1764379047.272447,1793,29.860352
1764379047.308004,1794,30.018175
1764379047.343180,1795,29.651648
1764379047.378515,1796,29.919968
1764379047.413512,1797,29.475649
1764379047.448790,1798,29.617952
1764379047.483951,1799,29.611776
1764379047.551596,1800,62.146240
1764379047.587724,1801,29.870880
1764379047.622798,1802,29.710049
1764379047.657991,1803,29.686464
1764379047.693511,1804,29.886175
1764379047.728958,1805,29.760960
1764379047.764184,1806,29.554497
1764379047.799458,1807,29.916800
1764379047.837060,1808,32.184223
1764379047.871761,1809,29.444799
1764379047.906984,1810,29.921984
1764379047.942861,1811,29.827904
1764379047.977826,1812,29.607649
1764379048.013147,1813,29.827776
1764379048.049346,1814,30.640833
1764379048.084467,1815,29.671104
1764379048.119785,1816,29.813440
1764379048.155221,1817,29.888191
1764379048.190661,1818,29.876928
1764379048.226192,1819,29.798241
1764379048.261554,1820,29.842112
1764379048.297640,1821,29.725376
1764379048.333141,1822,29.854401
1764379048.368505,1823,29.892223
1764379048.404069,1824,29.943104
1764379048.439606,1825,30.000799
1764379048.474937,1826,29.929119
1764379048.510384,1827,29.768385
1764379048.545845,1828,29.764160
1764379048.581202,1829,29.873888
1764379048.616706,1830,29.896320
1764379048.652551,1831,29.664000
1764379048.687943,1832,29.929152
1764379048.723284,1833,29.894848
1764379048.758998,1834,29.935232
1764379048.794242,1835,29.565088
1764379048.829492,1836,29.825697
1764379048.864340,1837,29.738720
1764379048.899312,1838,29.676096
1764379048.934819,1839,29.722464
1764379048.970216,1840,29.928160
1764379049.005951,1841,29.583040
1764379049.041593,1842,29.921984
1764379049.077153,1843,29.939392
1764379049.112272,1844,29.765600
1764379049.147298,1845,29.904640
1764379049.182895,1846,30.071327
1764379049.218102,1847,29.674911
1764379049.253632,1848,29.849152
1764379049.289813,1849,30.445568
1764379049.325120,1850,29.655264
1764379049.361126,1851,29.781696
1764379049.396810,1852,30.347967
1764379049.432108,1853,29.602304
1764379049.467652,1854,29.991520
1764379049.503100,1855,30.033632
1764379049.538430,1856,29.752865
1764379049.573814,1857,29.893312
1764379049.609315,1858,30.138016
1764379049.644442,1859,29.652927
1764379049.679771,1860,29.836992
1764379049.715749,1861,29.934175
1764379049.751211,1862,29.875904
1764379049.786827,1863,29.885984
1764379049.822373,1864,30.018080
1764379049.857672,1865,29.630079
1764379049.892910,1866,29.891264
1764379049.927533,1867,29.691521
1764379049.962762,1868,29.916864
1764379049.998238,1869,29.968063
1764379050.033531,1870,29.783648
1764379050.069622,1871,29.707745
1764379050.105847,1872,30.575232
1764379050.141126,1873,29.800991
1764379050.176454,1874,29.652191
1764379050.212081,1875,30.066368
1764379050.247606,1876,30.006817
1764379050.283281,1877,30.116545
1764379050.319102,1878,30.076448
1764379050.354472,1879,29.860512
1764379050.389961,1880,29.983423
1764379050.426016,1881,29.862623
1764379050.461596,1882,30.062304
1764379050.497159,1883,29.909727
1764379050.532487,1884,29.973185
1764379050.567295,1885,29.780865
1764379050.602463,1886,29.791904
1764379050.640279,1887,32.131809
1764379050.675638,1888,29.997761
1764379050.711235,1889,30.059200
1764379050.746902,1890,30.105280
1764379050.783102,1891,30.002880
1764379050.818844,1892,30.240448
1764379050.854207,1893,29.870081
1764379050.889465,1894,30.071487
1764379050.924386,1895,29.983393
1764379050.959083,1896,29.910721
1764379050.994374,1897,30.107328
1764379051.030030,1898,29.991648
1764379051.065764,1899,30.073536
1764379051.101470,1900,30.088545
1764379051.137818,1901,30.184128
1764379051.173382,1902,30.051008
1764379051.209455,1903,30.475937
1764379051.245692,1904,30.693056
1764379051.281175,1905,30.132929
1764379051.316785,1906,30.262272
1764379051.352567,1907,30.286753
1764379051.388074,1908,30.160543
1764379051.423771,1909,30.141632
1764379051.459257,1910,30.176960
1764379051.495845,1911,30.193439
1764379051.531198,1912,29.998783
1764379051.566813,1913,30.045889
1764379051.602356,1914,30.059263
1764379051.637389,1915,29.807104
1764379051.672350,1916,30.002880
1764379051.707462,1917,29.910591
1764379051.742814,1918,30.078655
1764379051.777802,1919,29.864576
1764379051.812742,1920,29.745953
1764379051.848877,1921,29.934273
1764379051.884270,1922,30.002432
1764379051.919225,1923,29.676449
1764379051.954973,1924,30.196384
1764379051.990427,1925,30.169792
1764379052.025430,1926,29.793983
1764379052.061034,1927,30.111328
1764379052.096202,1928,29.948608
1764379052.131225,1929,29.832895
1764379052.166579,1930,30.052032
1764379052.202326,1931,30.026367
1764379052.237544,1932,29.995712
1764379052.273405,1933,30.229441
1764379052.308729,1934,30.000832
1764379052.343828,1935,29.788639
1764379052.379599,1936,30.156256
1764379052.414897,1937,30.091232
1764379052.450124,1938,30.002880
1764379052.485413,1939,29.804289
1764379052.520931,1940,30.174944
1764379052.556909,1941,29.848991
1764379052.592226,1942,30.110399
1764379052.627349,1943,30.064320
1764379052.662593,1944,29.747904
1764379052.697880,1945,29.912895
1764379052.732797,1946,29.720064
1764379052.768861,1947,30.568993
1764379052.804385,1948,30.281441
1764379052.839649,1949,30.184095
1764379052.875057,1950,29.929152
1764379052.911103,1951,30.089952
1764379052.946147,1952,29.832895
1764379052.981266,1953,29.758144
1764379053.016220,1954,29.849216
1764379053.051009,1955,29.938017
1764379053.086391,1956,30.080704
1764379053.121899,1957,30.131905
1764379053.157130,1958,30.019520
1764379053.193300,1959,30.542528
1764379053.228860,1960,30.173920
1764379053.264687,1961,29.812416
1764379053.300805,1962,30.550913
1764379053.336086,1963,30.015167
1764379053.371119,1964,29.949633
1764379053.406311,1965,29.671104
1764379053.441738,1966,30.192352
1764379053.477152,1967,30.202560
1764379053.512686,1968,30.018240
1764379053.548060,1969,30.114496
1764379053.583173,1970,29.862593
1764379053.619318,1971,30.045343
1764379053.654644,1972,30.035648
1764379053.689760,1973,29.894144
1764379053.725537,1974,30.124672
1764379053.760787,1975,29.891136
1764379053.795855,1976,29.854401
1764379053.831388,1977,30.041792
1764379053.866693,1978,30.052032
1764379053.901601,1979,29.669088
1764379053.940254,1980,33.403233
1764379053.975831,1981,29.992449
1764379054.010695,1982,29.886145
1764379054.045816,1983,30.180033
1764379054.081068,1984,30.085600
1764379054.116287,1985,29.882273
1764379054.151661,1986,30.063328
1764379054.187076,1987,30.061249
1764379054.222558,1988,29.977280
1764379054.257944,1989,30.149153
1764379054.293359,1990,30.186657
1764379054.329464,1991,29.823616
1764379054.364888,1992,30.023264
1764379054.399789,1993,29.711329
1764379054.435343,1994,30.138048
1764379054.470715,1995,30.108320
1764379054.505766,1996,30.060225
1764379054.541690,1997,30.542879
1764379054.577325,1998,30.267073
1764379054.612611,1999,30.052320
1764379054.679982,2000,62.128895
1764379054.715872,2001,30.061407
1764379054.751340,2002,30.244543
1764379054.786172,2003,29.748863
1764379054.821395,2004,30.141121
1764379054.857525,2005,30.486176
1764379054.893020,2006,30.068865
1764379054.928228,2007,29.875904
1764379054.963594,2008,30.089920
1764379054.998630,2009,29.780672
1764379055.033779,2010,29.753023
1764379055.070196,2011,30.026527
1764379055.105687,2012,30.067392
1764379055.141211,2013,30.297953
1764379055.176592,2014,29.844160
1764379055.211995,2015,30.191328
1764379055.247147,2016,29.924032
1764379055.283099,2017,30.372736
1764379055.318637,2018,30.231232
1764379055.353754,2019,29.891296
1764379055.389256,2020,29.999136
1764379055.425043,2021,29.894337
1764379055.460971,2022,30.597952
1764379055.496526,2023,30.123713
1764379055.531520,2024,30.120640
1764379055.566709,2025,29.813440
1764379055.602422,2026,30.204544
1764379055.637593,2027,30.089920
1764379055.673254,2028,30.418625
1764379055.708836,2029,30.081024
1764379055.744668,2030,30.337664
1764379055.780769,2031,29.984447
1764379055.816714,2032,30.476992
1764379055.852539,2033,30.187967
1764379055.888157,2034,30.118496
1764379055.923717,2035,30.240448
1764379055.959317,2036,30.247616
1764379055.994679,2037,30.140097
1764379056.029875,2038,30.240448
1764379056.064698,2039,29.903999
1764379056.099999,2040,30.017984
1764379056.136286,2041,30.123713
1764379056.171582,2042,29.976192
1764379056.207106,2043,29.973185
1764379056.243008,2044,30.175936
1764379056.278830,2045,30.180193
1764379056.314269,2046,29.911743
1764379056.349553,2047,29.774529
1764379056.384967,2048,29.800800
1764379056.420642,2049,30.189184
1764379056.456465,2050,30.328512
1764379056.492494,2051,29.881344
1764379056.528152,2052,30.157503
1764379056.563553,2053,30.054304
1764379056.599296,2054,30.227137
1764379056.635262,2055,30.310528
1764379056.671789,2056,30.737087
1764379056.707290,2057,29.881887
1764379056.743274,2058,30.466751
1764379056.778664,2059,30.304895
1764379056.813948,2060,29.998783
1764379056.850387,2061,30.197409
1764379056.886126,2062,30.210560
1764379056.922103,2063,30.224384
1764379056.958072,2064,30.410433
1764379056.996084,2065,32.441280
1764379057.032049,2066,30.375263
1764379057.067607,2067,30.438240
1764379057.102464,2068,30.014015
1764379057.137769,2069,30.060225
1764379057.173419,2070,30.249504
1764379057.209846,2071,30.150400
1764379057.245851,2072,30.288609
1764379057.282031,2073,30.452543
1764379057.318078,2074,30.341761
1764379057.354100,2075,30.322369
1764379057.390000,2076,30.358208
1764379057.425900,2077,30.212095
1764379057.461521,2078,30.090944
1764379057.497663,2079,30.419712
1764379057.533559,2080,30.222303
1764379057.570257,2081,30.504641
1764379057.606121,2082,30.310593
1764379057.641753,2083,30.132769
1764379057.677816,2084,30.537409
1764379057.713951,2085,30.382849
1764379057.749766,2086,30.112160
1764379057.785903,2087,30.583488
1764379057.821911,2088,30.460608
1764379057.857657,2089,30.035744
1764379057.893740,2090,30.367201
1764379057.929987,2091,29.883072
1764379057.965873,2092,30.188225
1764379058.001833,2093,30.252735
1764379058.037550,2094,30.192097
1764379058.073643,2095,30.413919
1764379058.109390,2096,30.325727
1764379058.144763,2097,30.140192
1764379058.180073,2098,29.939392
1764379058.215655,2099,30.180864
1764379058.251387,2100,30.303936
1764379058.287959,2101,30.309055
1764379058.324170,2102,30.651072
1764379058.360059,2103,30.364351
1764379058.396240,2104,30.565056
1764379058.432026,2105,30.193344
1764379058.468148,2106,30.593727
1764379058.504209,2107,30.384096
1764379058.540341,2108,30.533344
1764379058.576028,2109,30.152449
1764379058.611674,2110,30.273216
1764379058.647860,2111,29.930208
1764379058.683830,2112,30.361824
1764379058.719796,2113,30.255808
1764379058.755821,2114,30.581535
1764379058.791611,2115,29.940096
1764379058.827663,2116,30.426817
1764379058.863284,2117,30.215872
1764379058.898635,2118,30.028481
1764379058.934061,2119,30.146240
1764379058.970155,2120,30.676672
1764379059.006515,2121,29.985472
1764379059.042676,2122,30.392000
1764379059.078272,2123,30.075584
1764379059.114108,2124,30.422720
1764379059.149336,2125,30.091841
1764379059.184778,2126,30.189407
1764379059.221283,2127,30.909121
1764379059.257933,2128,31.049440
1764379059.293829,2129,30.285664
1764379059.329809,2130,30.257889
1764379059.366181,2131,29.980352
1764379059.401772,2132,29.854401
1764379059.437945,2133,30.434944
1764379059.474066,2134,30.398144
1764379059.509881,2135,30.109377
1764379059.545947,2136,30.353472
1764379059.582036,2137,30.381857
1764379059.618000,2138,30.191423
1764379059.653625,2139,29.945633
1764379059.689814,2140,30.430431
1764379059.726305,2141,30.096031
1764379059.762136,2142,30.241472
1764379059.798087,2143,30.161600
1764379059.833439,2144,29.916897
1764379059.868536,2145,29.956833
1764379059.903529,2146,29.839008
1764379059.939243,2147,30.019232
1764379059.975456,2148,30.464705
1764379060.011413,2149,30.492352
1764379060.047256,2150,30.223969
1764379060.083952,2151,30.393024
1764379060.119446,2152,30.372543
1764379060.154323,2153,29.889408
1764379060.189662,2154,30.101185
1764379060.224903,2155,29.968321
1764379060.263521,2156,33.282753
1764379060.299420,2157,30.327488
1764379060.335053,2158,30.097120
1764379060.370693,2159,30.072512
1764379060.406529,2160,30.254623
1764379060.443043,2161,30.290625
1764379060.479036,2162,30.399136
1764379060.515174,2163,30.455551
1764379060.550910,2164,30.076736
1764379060.587030,2165,30.419584
1764379060.622859,2166,30.065216
1764379060.658488,2167,29.874720
1764379060.694562,2168,30.321152
1764379060.730670,2169,30.289600
1764379060.766282,2170,29.948511
1764379060.803067,2171,30.388960
1764379060.839332,2172,30.474976
1764379060.874836,2173,29.829792
1764379060.910882,2174,30.439104
1764379060.946204,2175,29.794847
1764379060.981943,2176,30.135967
1764379061.017550,2177,30.033440
1764379061.053021,2178,29.999872
1764379061.088511,2179,29.924000
1764379061.123989,2180,30.183136
1764379061.159614,2181,30.063200
1764379061.194770,2182,30.172865
1764379061.229915,2183,30.057505
1764379061.265415,2184,30.115520
1764379061.301746,2185,30.782207
1764379061.337780,2186,30.279488
1764379061.373140,2187,29.841951
1764379061.409209,2188,30.342752
1764379061.445313,2189,30.354113
1764379061.481163,2190,30.342880
1764379061.517740,2191,30.197439
1764379061.553817,2192,30.330688
1764379061.589386,2193,29.915169
1764379061.625166,2194,30.272192
1764379061.660733,2195,29.983423
1764379061.696245,2196,30.213663
1764379061.732137,2197,30.448256
1764379061.767807,2198,30.220961
1764379061.803540,2199,30.153343
1764379061.870727,2200,61.733566
1764379061.907405,2201,30.294592
1764379061.943289,2202,30.403263
1764379061.979060,2203,30.163649
1764379062.014390,2204,29.996769
1764379062.049797,2205,30.177153
1764379062.085034,2206,29.728449
1764379062.120410,2207,29.827616
1764379062.156282,2208,30.295744
1764379062.191944,2209,30.387775
1764379062.226818,2210,29.912767
1764379062.262625,2211,29.979328
1764379062.298179,2212,30.176960
1764379062.334077,2213,30.187136
1764379062.369882,2214,30.047935
1764379062.405770,2215,30.279360
1764379062.441779,2216,30.261824
1764379062.477321,2217,29.993664
1764379062.512797,2218,30.066401
1764379062.548740,2219,30.345921
1764379062.584412,2220,30.136959
1764379062.620821,2221,30.370497
1764379062.656431,2222,30.032576
1764379062.692379,2223,30.386080
1764379062.728099,2224,30.311104
1764379062.763763,2225,30.069441
1764379062.799651,2226,30.219904
1764379062.835230,2227,30.104353
1764379062.871186,2228,30.342815
1764379062.907343,2229,30.385857
1764379062.942976,2230,30.069441
1764379062.979058,2231,30.014145
1764379063.014497,2232,29.999744
1764379063.049975,2233,29.994688
1764379063.085353,2234,30.113440
1764379063.120476,2235,29.962849
1764379063.155578,2236,29.822657
1764379063.191725,2237,30.411615
1764379063.227222,2238,30.255713
1764379063.262470,2239,29.811392
1764379063.297747,2240,29.912832
1764379063.333580,2241,29.757120
1764379063.369844,2242,30.707392
1764379063.405117,2243,29.875904
1764379063.440594,2244,30.070463
1764379063.476195,2245,30.092993
1764379063.512168,2246,30.340416
1764379063.547780,2247,30.475264
1764379063.583303,2248,30.052864
1764379063.618937,2249,30.199425
1764379063.657306,2250,32.815968
1764379063.693591,2251,29.995712
1764379063.729467,2252,30.293695
1764379063.765219,2253,30.375551
1764379063.801098,2254,30.180033
1764379063.836441,2255,29.902464
1764379063.871632,2256,29.878944
1764379063.907503,2257,30.343872
1764379063.943278,2258,30.148289
1764379063.978930,2259,30.065409
1764379064.014588,2260,30.068289
1764379064.051212,2261,30.421696
1764379064.086572,2262,29.799040
1764379064.122037,2263,30.217920
1764379064.157483,2264,30.186111
1764379064.193118,2265,29.974497
1764379064.228813,2266,30.414528
1764379064.263945,2267,30.307072
1764379064.299072,2268,30.053057
1764379064.334663,2269,30.158527
1764379064.370262,2270,30.071775
1764379064.406536,2271,29.889919
1764379064.442442,2272,30.360256
1764379064.478351,2273,30.524096
1764379064.514226,2274,30.063295
1764379064.550231,2275,30.280449
1764379064.586144,2276,30.172865
1764379064.621901,2277,29.985472
1764379064.657746,2278,30.114401
1764379064.693728,2279,30.256865
1764379064.729726,2280,30.274817
1764379064.766112,2281,30.015167
1764379064.801788,2282,30.108320
1764379064.837797,2283,30.254080
1764379064.873953,2284,30.412992
1764379064.909416,2285,30.064320
1764379064.944925,2286,30.096064
1764379064.980839,2287,30.524096
1764379065.016463,2288,30.251713
1764379065.052186,2289,30.176960
1764379065.088317,2290,30.547585
1764379065.124679,2291,30.126783
1764379065.159874,2292,30.074560
1764379065.195220,2293,30.028481
1764379065.230507,2294,29.957825
1764379065.265779,2295,30.102207
1764379065.301220,2296,30.329536
1764379065.337117,2297,30.625729
1764379065.372928,2298,30.404224
1764379065.408195,2299,30.152384
1764379065.443269,2300,30.114496
1764379065.479236,2301,30.287552
1764379065.514559,2302,30.297792
1764379065.550023,2303,30.498495
1764379065.585339,2304,30.251553
1764379065.621730,2305,31.026848
1764379065.657765,2306,30.323423
1764379065.693788,2307,30.291967
1764379065.729714,2308,30.364351
1764379065.765649,2309,30.238720
1764379065.801774,2310,30.555840
1764379065.838129,2311,30.233280
1764379065.873837,2312,30.163649
1764379065.909837,2313,30.577408
1764379065.945497,2314,30.128704
1764379065.980860,2315,29.947552
1764379066.016490,2316,30.271168
1764379066.052176,2317,30.308031
1764379066.087813,2318,30.164673
1764379066.123375,2319,30.088896
1764379066.159028,2320,30.084831
1764379066.195363,2321,30.253759
1764379066.231193,2322,30.381760
1764379066.267020,2323,30.224447
1764379066.302909,2324,30.156481
1764379066.338509,2325,30.043713
1764379066.374230,2326,30.024321
1764379066.409930,2327,30.128832
1764379066.445516,2328,30.046911
1764379066.481610,2329,30.405600
1764379066.517442,2330,30.248863
1764379066.553889,2331,30.142273
1764379066.589764,2332,30.154432
1764379066.625429,2333,30.254816
1764379066.661068,2334,30.238400
1764379066.696716,2335,30.072512
1764379066.732664,2336,30.389952
1764379066.768151,2337,30.089920
1764379066.803944,2338,30.146175
1764379066.839276,2339,30.124289
1764379066.874469,2340,29.936319
1764379066.911218,2341,30.303936
1764379066.946989,2342,30.291552
1764379066.982844,2343,30.248768
1764379067.018402,2344,29.941376
1764379067.054123,2345,30.319391
1764379067.089590,2346,30.075584
1764379067.125008,2347,30.016384
1764379067.160859,2348,30.423744
1764379067.196605,2349,30.329569
1764379067.232398,2350,30.220896
1764379067.268482,2351,30.033665
1764379067.304277,2352,30.371519
1764379067.340393,2353,30.559296
1764379067.378801,2354,32.911392
1764379067.414403,2355,30.312128
1764379067.449764,2356,30.128672
1764379067.484811,2357,30.067360
1764379067.520364,2358,30.235329
1764379067.556621,2359,30.839487
1764379067.592332,2360,30.277248
1764379067.629385,2361,30.953279
1764379067.665293,2362,30.466751
1764379067.701726,2363,30.880417
1764379067.737470,2364,30.258816
1764379067.772666,2365,30.315136
1764379067.807974,2366,30.162304
1764379067.843703,2367,30.263168
1764379067.879454,2368,30.268097
1764379067.915434,2369,30.513857
1764379067.951378,2370,30.335808
1764379067.987793,2371,30.303104
1764379068.023343,2372,30.145056
1764379068.058225,2373,29.747904
1764379068.093312,2374,30.055040
1764379068.128441,2375,30.162560
1764379068.163798,2376,30.198433
1764379068.199494,2377,30.202368
1764379068.235324,2378,30.276287
1764379068.271445,2379,30.491392
1764379068.307231,2380,30.363329
1764379068.343671,2381,30.302879
1764379068.379825,2382,30.538464
1764379068.415537,2383,30.177216
1764379068.451317,2384,30.290592
1764379068.486761,2385,30.149311
1764379068.522173,2386,30.090944
1764379068.557984,2387,30.226048
1764379068.593786,2388,30.254784
1764379068.629541,2389,30.216192
1764379068.665186,2390,30.179008
1764379068.701791,2391,30.342848
1764379068.737213,2392,29.884129
1764379068.773327,2393,30.416639
1764379068.809084,2394,30.220991
1764379068.844314,2395,30.115520
1764379068.879714,2396,30.160513
1764379068.915403,2397,30.258881
1764379068.951325,2398,30.330496
1764379068.986672,2399,29.935295
1764379069.055867,2400,63.770176
1764379069.092170,2401,29.995680
1764379069.128039,2402,30.286528
1764379069.163755,2403,30.301888
1764379069.199519,2404,30.378689
1764379069.234591,2405,29.907648
1764379069.270227,2406,30.357088
1764379069.306234,2407,30.264511
1764379069.342021,2408,30.206688
1764379069.377955,2409,30.316544
1764379069.413761,2410,30.388927
1764379069.450344,2411,30.266048
1764379069.486228,2412,30.325344
1764379069.522155,2413,30.150335
1764379069.558024,2414,30.272097
1764379069.593737,2415,30.141056
1764379069.629587,2416,30.132353
1764379069.665140,2417,30.152288
1764379069.700741,2418,30.218880
1764379069.736538,2419,30.382784
1764379069.772302,2420,30.371552
1764379069.808877,2421,30.316416
1764379069.844411,2422,29.938175
1764379069.880147,2423,30.327265
1764379069.915604,2424,30.321344
1764379069.950629,2425,29.979456
1764379069.985968,2426,30.108353
1764379070.021789,2427,30.267200
1764379070.057693,2428,30.157824
1764379070.093129,2429,30.005953
1764379070.128781,2430,30.270144
1764379070.165554,2431,30.486080
1764379070.202022,2432,30.915136
1764379070.237264,2433,30.082975
1764379070.272326,2434,30.063168
1764379070.307303,2435,30.146273
1764379070.342427,2436,30.048800
1764379070.378273,2437,30.327520
1764379070.413275,2438,29.978336
1764379070.448275,2439,29.744576
1764379070.483943,2440,30.243488
1764379070.520447,2441,30.118689
1764379070.556829,2442,30.814880
1764379070.592185,2443,30.193344
1764379070.627117,2444,30.073536
1764379070.662053,2445,29.980352
1764379070.697086,2446,29.914816
1764379070.732682,2447,30.180033
1764379070.768223,2448,30.260897
1764379070.803218,2449,30.156481
1764379070.838231,2450,30.134880
1764379070.874481,2451,30.099136
1764379070.910268,2452,30.190208
1764379070.945775,2453,29.920959
1764379070.981637,2454,30.375809
1764379071.017097,2455,30.008064
1764379071.053450,2456,30.802624
1764379071.088840,2457,30.168768
1764379071.124031,2458,30.048960
1764379071.159557,2459,30.153215
1764379071.194744,2460,29.909697
1764379071.230826,2461,30.206656
1764379071.266346,2462,30.330849
1764379071.301445,2463,29.971392
1764379071.336814,2464,30.117792
1764379071.375720,2465,33.753662
1764379071.411221,2466,30.085823
1764379071.447007,2467,30.427872
1764379071.482445,2468,30.253759
1764379071.517718,2469,29.990591
1764379071.553515,2470,30.380735
1764379071.589637,2471,30.241505
1764379071.625003,2472,30.104609
1764379071.661170,2473,30.780832
1764379071.696609,2474,30.310080
1764379071.732683,2475,30.774977
1764379071.768499,2476,30.361313
1764379071.803569,2477,30.026432
1764379071.838686,2478,29.992640
1764379071.873812,2479,29.998783
1764379071.909102,2480,30.180832
1764379071.945640,2481,30.139360
1764379071.981566,2482,30.498495
1764379072.016908,2483,30.148352
1764379072.052565,2484,30.472736
1764379072.087766,2485,30.303360
1764379072.123147,2486,30.222849
1764379072.158922,2487,30.187103
1764379072.194627,2488,30.379711
1764379072.230047,2489,30.286465
1764379072.265801,2490,30.406303
1764379072.301809,2491,30.185152
1764379072.337604,2492,30.401279
1764379072.373290,2493,30.341824
1764379072.408420,2494,30.234144
1764379072.444543,2495,30.906015
1764379072.481440,2496,31.151487
1764379072.517708,2497,30.828993
1764379072.553557,2498,30.288416
1764379072.589457,2499,30.461504
1764379072.625523,2500,30.500736
1764379072.662247,2501,30.306017
1764379072.697658,2502,30.250656
1764379072.732944,2503,30.163584
1764379072.768976,2504,30.475904
1764379072.804439,2505,30.333632
1764379072.840002,2506,30.285503
1764379072.876391,2507,30.765247
1764379072.912462,2508,30.570528
1764379072.948075,2509,30.243649
1764379072.984064,2510,30.563007
1764379073.020552,2511,30.377665
1764379073.056247,2512,30.257856
1764379073.092058,2513,30.229183
1764379073.127537,2514,30.111391
1764379073.162920,2515,29.944544
1764379073.198461,2516,30.218945
1764379073.234202,2517,30.241407
1764379073.270037,2518,30.239391
1764379073.306113,2519,30.316704
1764379073.341733,2520,30.212831
1764379073.378456,2521,30.364544
1764379073.414244,2522,29.987455
1764379073.450162,2523,30.304960
1764379073.485987,2524,30.230207
1764379073.521747,2525,30.173887
1764379073.557591,2526,30.271488
1764379073.593619,2527,30.479008
1764379073.629275,2528,30.106592
1764379073.665208,2529,30.491199
1764379073.701222,2530,30.422688
1764379073.737361,2531,30.010080
1764379073.773113,2532,30.356159
1764379073.809049,2533,30.407393
1764379073.844864,2534,30.422720
1764379073.880318,2535,30.332289
1764379073.915700,2536,30.046911
1764379073.951461,2537,30.260321
1764379073.987360,2538,30.326559
1764379074.023299,2539,30.298784
1764379074.059467,2540,30.530016
1764379074.096694,2541,31.058624
1764379074.132284,2542,30.031551
1764379074.168053,2543,30.322208
1764379074.203594,2544,30.417601
1764379074.238618,2545,30.152351
1764379074.274056,2546,30.159489
1764379074.309768,2547,30.158688
1764379074.345617,2548,30.310207
1764379074.381349,2549,30.282463
1764379074.417455,2550,30.478815
1764379074.454455,2551,30.589632
1764379074.490450,2552,30.545601
1764379074.526155,2553,30.296640
1764379074.561969,2554,30.406336
1764379074.597550,2555,30.453440
1764379074.632864,2556,30.061152
1764379074.669789,2557,31.302336
1764379074.705763,2558,30.566944
1764379074.744495,2559,33.192833
1764379074.780468,2560,30.511841
1764379074.816914,2561,30.317247
1764379074.852675,2562,30.244385
1764379074.888691,2563,30.646976
1764379074.924168,2564,30.331585
1764379074.959424,2565,30.247583
1764379074.994864,2566,30.286465
1764379075.030380,2567,29.974144
1764379075.066417,2568,30.307936
1764379075.102194,2569,30.219936
1764379075.138079,2570,30.319296
1764379075.174760,2571,30.260927
1764379075.210588,2572,30.268097
1764379075.246618,2573,30.449247
1764379075.282713,2574,30.351040
1764379075.318784,2575,30.523041
1764379075.354637,2576,30.274080
1764379075.390659,2577,30.409569
1764379075.426385,2578,30.199455
1764379075.462265,2579,30.520000
1764379075.497867,2580,30.462751
1764379075.534469,2581,30.712511
1764379075.570351,2582,30.587521
1764379075.606654,2583,30.529888
1764379075.643053,2584,30.689983
1764379075.679475,2585,30.798529
1764379075.715688,2586,30.410368
1764379075.751744,2587,30.696064
1764379075.788591,2588,31.570623
1764379075.825528,2589,31.331104
1764379075.862014,2590,30.895807
1764379075.898695,2591,30.381760
1764379075.935024,2592,30.797504
1764379075.971083,2593,30.537472
1764379076.006307,2594,30.103201
1764379076.041801,2595,30.387903
1764379076.077669,2596,30.461569
1764379076.113393,2597,30.088800
1764379076.149947,2598,30.869184
1764379076.186286,2599,30.926529
1764379076.256437,2600,64.599869
1764379076.293282,2601,30.459583
1764379076.328773,2602,30.079519
1764379076.364509,2603,30.622656
1764379076.399945,2604,30.515903
1764379076.435899,2605,30.697151
1764379076.472070,2606,30.444160
1764379076.508466,2607,30.983871
1764379076.545059,2608,30.998177
1764379076.581590,2609,30.919231
1764379076.617239,2610,30.240480
1764379076.654117,2611,30.465759
1764379076.690572,2612,30.672577
1764379076.726782,2613,30.464705
1764379076.762990,2614,30.748352
1764379076.798868,2615,30.735071
1764379076.834673,2616,30.257856
1764379076.870882,2617,30.473888
1764379076.907521,2618,30.869184
1764379076.943875,2619,30.560961
1764379076.980850,2620,31.330944
1764379077.017376,2621,30.419744
1764379077.054128,2622,31.203009
1764379077.090065,2623,30.384129
1764379077.126381,2624,30.874304
1764379077.162413,2625,30.411455
1764379077.198534,2626,30.377665
1764379077.234418,2627,30.334528
1764379077.270649,2628,30.482113
1764379077.306893,2629,30.500641
1764379077.343021,2630,30.614241
1764379077.379693,2631,30.487232
1764379077.415901,2632,30.687008
1764379077.452087,2633,30.563007
1764379077.488200,2634,30.788288
1764379077.523830,2635,30.583456
1764379077.559447,2636,30.332607
1764379077.596555,2637,31.528641
1764379077.632593,2638,30.456415
1764379077.668731,2639,30.573248
1764379077.705734,2640,31.423136
1764379077.743114,2641,31.002272
1764379077.779193,2642,30.379711
1764379077.815335,2643,30.498465
1764379077.851558,2644,30.873280
1764379077.887147,2645,30.509760
1764379077.923213,2646,30.648960
1764379077.960481,2647,31.617727
1764379077.997225,2648,31.183552
1764379078.033302,2649,30.485184
1764379078.069319,2650,30.666431
1764379078.106475,2651,30.840416
1764379078.142887,2652,30.609119
1764379078.178854,2653,30.389952
1764379078.214853,2654,30.441153
1764379078.250997,2655,30.612127
1764379078.287574,2656,30.800575
1764379078.323453,2657,30.379711
1764379078.360186,2658,30.951073
1764379078.396172,2659,30.573120
1764379078.431631,2660,30.334656
1764379078.468225,2661,30.470848
1764379078.504518,2662,30.756544
1764379078.540657,2663,30.560961
1764379078.577246,2664,31.013569
1764379078.612810,2665,30.429888
1764379078.648461,2666,30.520992
1764379078.685047,2667,31.180479
1764379078.725246,2668,34.780064
1764379078.762018,2669,31.159777
1764379078.797843,2670,30.269535
1764379078.834492,2671,30.231552
1764379078.870644,2672,30.727873
1764379078.906563,2673,30.505665
1764379078.942628,2674,30.663361
1764379078.978328,2675,30.568159
1764379079.013953,2676,30.378656
1764379079.049718,2677,30.212769
1764379079.085820,2678,30.533407
1764379079.121642,2679,30.431265
1764379079.158432,2680,31.276993
1764379079.195436,2681,30.618273
1764379079.231239,2682,30.375616
1764379079.267201,2683,30.541599
1764379079.303042,2684,30.438911
1764379079.338797,2685,30.563040
1764379079.374558,2686,30.452000
1764379079.410963,2687,30.807585
1764379079.447406,2688,30.820225
1764379079.483677,2689,30.690016
1764379079.519831,2690,30.709440
1764379079.556643,2691,30.662399
1764379079.592750,2692,30.665344
1764379079.628425,2693,30.250689
1764379079.664304,2694,30.728865
1764379079.699576,2695,30.411455
1764379079.735103,2696,30.367552
1764379079.771507,2697,30.734049
1764379079.807689,2698,30.702272
1764379079.843868,2699,30.685120
1764379079.880620,2700,31.314655
1764379079.917361,2701,30.596800
1764379079.953396,2702,30.635712
1764379079.989536,2703,30.759457
1764379080.025199,2704,30.412865
1764379080.060591,2705,30.524096
1764379080.096223,2706,30.552769
1764379080.132928,2707,31.267712
1764379080.169760,2708,31.396481
1764379080.205808,2709,30.633728
1764379080.241685,2710,30.280672
1764379080.278615,2711,30.776993
1764379080.314823,2712,30.594816
1764379080.350586,2713,30.196863
1764379080.386242,2714,30.332544
1764379080.421654,2715,30.408545
1764379080.457255,2716,30.472897
1764379080.492374,2717,30.027456
1764379080.527750,2718,30.288576
1764379080.563964,2719,30.794432
1764379080.599289,2720,30.216864
1764379080.635323,2721,30.253759
1764379080.670929,2722,30.256737
1764379080.706282,2723,30.286367
1764379080.741836,2724,30.458273
1764379080.777591,2725,30.254272
1764379080.812863,2726,30.122528
1764379080.848089,2727,30.167776
1764379080.884365,2728,30.933567
1764379080.919780,2729,30.257055
1764379080.955391,2730,30.361280
1764379080.991329,2731,30.173824
1764379081.026545,2732,30.140097
1764379081.062103,2733,30.226112
1764379081.097671,2734,30.504608
1764379081.132819,2735,30.233248
1764379081.168094,2736,30.180033
1764379081.203465,2737,30.327583
1764379081.238802,2738,30.260927
1764379081.274494,2739,30.196417
1764379081.310009,2740,30.254816
1764379081.345816,2741,30.153473
1764379081.381197,2742,30.235519
1764379081.416466,2743,30.203615
1764379081.452517,2744,30.985920
1764379081.488194,2745,30.265087
1764379081.523518,2746,30.268097
1764379081.559160,2747,30.355553
1764379081.594589,2748,30.305984
1764379081.629959,2749,30.296768
1764379081.665742,2750,30.452415
1764379081.701893,2751,30.251713
1764379081.737291,2752,30.200640
1764379081.773010,2753,30.355137
1764379081.808542,2754,30.483135
1764379081.843878,2755,30.264065
1764379081.880111,2756,30.832191
1764379081.915479,2757,30.277151
1764379081.950789,2758,30.233120
1764379081.986445,2759,30.355137
1764379082.021940,2760,30.448383
1764379082.058142,2761,30.265057
1764379082.093638,2762,30.294720
1764379082.128783,2763,30.199936
1764379082.163947,2764,30.348991
1764379082.202100,2765,33.377602
1764379082.238415,2766,31.160959
1764379082.276980,2767,32.946625
1764379082.312343,2768,30.404512
1764379082.347759,2769,30.574272
1764379082.383042,2770,30.462561
1764379082.419306,2771,30.516928
1764379082.454988,2772,30.612127
1764379082.490692,2773,30.571873
1764379082.525987,2774,30.455488
1764379082.561612,2775,30.551744
1764379082.597297,2776,30.545601
1764379082.632995,2777,30.599808
1764379082.669124,2778,30.718657
1764379082.704940,2779,30.704033
1764379082.740264,2780,30.502592
1764379082.776561,2781,30.542496
1764379082.812549,2782,30.625441
1764379082.848088,2783,30.455584
1764379082.883672,2784,30.492352
1764379082.920303,2785,31.258305
1764379082.956447,2786,30.967232
1764379082.991931,2787,30.334145
1764379083.027689,2788,30.573759
1764379083.063131,2789,30.559776
1764379083.098706,2790,30.344896
1764379083.135317,2791,30.604992
1764379083.170694,2792,30.527168
1764379083.206092,2793,30.569183
1764379083.241437,2794,30.554943
1764379083.276948,2795,30.586657
1764379083.312291,2796,30.502337
1764379083.347647,2797,30.561983
1764379083.383099,2798,30.627520
1764379083.418590,2799,30.686913
1764379083.487716,2800,64.316093
1764379083.523843,2801,30.474976
1764379083.559405,2802,30.719681
1764379083.594730,2803,30.497473
1764379083.630119,2804,30.415552
1764379083.665739,2805,30.668480
1764379083.701290,2806,30.513887
1764379083.736421,2807,30.412479
1764379083.771982,2808,30.717632
1764379083.807637,2809,30.581505
1764379083.843266,2810,30.485376
1764379083.879386,2811,30.496449
1764379083.915156,2812,30.686913
1764379083.951160,2813,30.836416
1764379083.986710,2814,30.555777
1764379084.022466,2815,30.487360
1764379084.058418,2816,30.709280
1764379084.093994,2817,30.547457
1764379084.129746,2818,30.539104
1764379084.165929,2819,30.759552
1764379084.201955,2820,30.732992
1764379084.238349,2821,30.430176
1764379084.274471,2822,30.833344
1764379084.310032,2823,30.558945
1764379084.345662,2824,30.413664
1764379084.381707,2825,30.843552
1764379084.417300,2826,30.606209
1764379084.452578,2827,30.443169
1764379084.487955,2828,30.572321
1764379084.523228,2829,30.498688
1764379084.558468,2830,30.460608
1764379084.594600,2831,30.639809
1764379084.629885,2832,30.502592
1764379084.665654,2833,30.542528
1764379084.701633,2834,30.789312
1764379084.737095,2835,30.466463
1764379084.772599,2836,30.642879
1764379084.807992,2837,30.575457
1764379084.843308,2838,30.526144
1764379084.878737,2839,30.526144
1764379084.914104,2840,30.577345
1764379084.950670,2841,30.806721
1764379084.987083,2842,30.858688
1764379085.023211,2843,30.786240
1764379085.059159,2844,30.724800
1764379085.095091,2845,30.689856
1764379085.130420,2846,30.493376
1764379085.166212,2847,30.727873
1764379085.202034,2848,30.721760
1764379085.237656,2849,30.762688
1764379085.273444,2850,30.710367
1764379085.310506,2851,30.993088
1764379085.346383,2852,30.592705
1764379085.381840,2853,30.459616
1764379085.418577,2854,31.509089
1764379085.454741,2855,30.879423
1764379085.490402,2856,30.644928
1764379085.526067,2857,30.679585
1764379085.561720,2858,30.878336
1764379085.597030,2859,30.529217
1764379085.632549,2860,30.468639
1764379085.669249,2861,30.870209
1764379085.704881,2862,30.792416
1764379085.740206,2863,30.524063
1764379085.775750,2864,30.735071
1764379085.811193,2865,30.612160
1764379085.846580,2866,30.575617
1764379085.884809,2867,33.282047
1764379085.920437,2868,30.679745
1764379085.956504,2869,30.967360
1764379085.992368,2870,30.788288
1764379086.029034,2871,30.708416
1764379086.064667,2872,30.757568
1764379086.100269,2873,30.556929
1764379086.136215,2874,30.871231
1764379086.171852,2875,30.792416
1764379086.207598,2876,30.636736
1764379086.243326,2877,30.526016
1764379086.278924,2878,30.743233
1764379086.314830,2879,30.828096
1764379086.350667,2880,30.569153
1764379086.387012,2881,30.717505
1764379086.422705,2882,30.503616
1764379086.458801,2883,30.583744
1764379086.494980,2884,30.904896
1764379086.530753,2885,30.784191
1764379086.567006,2886,30.990911
1764379086.603162,2887,30.838177
1764379086.638910,2888,30.752960
1764379086.674710,2889,30.859968
1764379086.710495,2890,30.783169
1764379086.747140,2891,30.561792
1764379086.783360,2892,30.868160
1764379086.818978,2893,30.798529
1764379086.854489,2894,30.670528
1764379086.890086,2895,30.769920
1764379086.925569,2896,30.507711
1764379086.961444,2897,30.918400
1764379086.997458,2898,30.895840
1764379087.033298,2899,30.614752
1764379087.070331,2900,31.642303
1764379087.107060,2901,30.899776
1764379087.142875,2902,30.563007
1764379087.178862,2903,30.728960
1764379087.214566,2904,30.682816
1764379087.250379,2905,30.586529
1764379087.286956,2906,31.012224
1764379087.323106,2907,30.832319
1764379087.359189,2908,30.816959
1764379087.395363,2909,30.812864
1764379087.431279,2910,30.835424
1764379087.467640,2911,30.804607
1764379087.503229,2912,30.743233
1764379087.538715,2913,30.681791
1764379087.574218,2914,30.686943
1764379087.609792,2915,30.767616
1764379087.645303,2916,30.710464
1764379087.681233,2917,30.691936
1764379087.717398,2918,30.971584
1764379087.752964,2919,30.755520
1764379087.788644,2920,30.865088
1764379087.824979,2921,30.843584
1764379087.860685,2922,30.906048
1764379087.896598,2923,31.027937
1764379087.932794,2924,31.066816
1764379087.968736,2925,30.841824
1764379088.005684,2926,31.565504
1764379088.041652,2927,30.870432
1764379088.077766,2928,30.912191
1764379088.114232,2929,30.894272
1764379088.150422,2930,31.029856
1764379088.187134,2931,30.913216
1764379088.223129,2932,30.868160
1764379088.258768,2933,30.781120
1764379088.294404,2934,30.799583
1764379088.330566,2935,31.084097
1764379088.366337,2936,30.755360
1764379088.402412,2937,30.881536
1764379088.438709,2938,31.166143
1764379088.474542,2939,30.789185
1764379088.510296,2940,30.774977
1764379088.546689,2941,30.740160
1764379088.582381,2942,30.702240
1764379088.618178,2943,30.806721
1764379088.654418,2944,31.005377
1764379088.690835,2945,31.145664
1764379088.727226,2946,31.075041
1764379088.763541,2947,30.855425
1764379088.799606,2948,30.806528
1764379088.835745,2949,30.898815
1764379088.871426,2950,30.827200
1764379088.908149,2951,30.925535
1764379088.944217,2952,30.944769
1764379088.979955,2953,30.877312
1764379089.015821,2954,30.784191
1764379089.051995,2955,31.024832
1764379089.087994,2956,30.806721
1764379089.124364,2957,30.971712
1764379089.160267,2958,30.799553
1764379089.195940,2959,30.808800
1764379089.231536,2960,30.494177
1764379089.268364,2961,31.060608
1764379089.304240,2962,30.968832
1764379089.340388,2963,30.989952
1764379089.376622,2964,31.097536
1764379089.412503,2965,31.023808
1764379089.448375,2966,31.035040
1764379089.487539,2967,34.340546
1764379089.523528,2968,30.931648
1764379089.559316,2969,30.871424
1764379089.595145,2970,30.827200
1764379089.631598,2971,30.816959
1764379089.667271,2972,30.808767
1764379089.702980,2973,30.904032
1764379089.738939,2974,30.918337
1764379089.775085,2975,31.011520
1764379089.810856,2976,30.767809
1764379089.846868,2977,30.753504
1764379089.883028,2978,30.909151
1764379089.918775,2979,30.750431
1764379089.954840,2980,30.769665
1764379089.991789,2981,31.088480
1764379090.027626,2982,30.932673
1764379090.063510,2983,30.589632
1764379090.099850,2984,31.221439
1764379090.135619,2985,30.913792
1764379090.171403,2986,30.974655
1764379090.207249,2987,31.006399
1764379090.242968,2988,30.862495
1764379090.279141,2989,30.923456
1764379090.315495,2990,31.022816
1764379090.352116,2991,30.983681
1764379090.387938,2992,30.942976
1764379090.423681,2993,30.918337
1764379090.459473,2994,30.955233
1764379090.495231,2995,30.845663
1764379090.531009,2996,30.962368
1764379090.566998,2997,30.911167
1764379090.603258,2998,30.933727
1764379090.639586,2999,30.974592
1764379090.709027,3000,64.211647
1764379090.745616,3001,30.955200
1764379090.781701,3002,30.998207
1764379090.817796,3003,30.962273
1764379090.853625,3004,30.971584
1764379090.889621,3005,30.920223
1764379090.925876,3006,31.127232
1764379090.961668,3007,30.808384
1764379090.997910,3008,31.092417
1764379091.034416,3009,31.220415
1764379091.070264,3010,31.005377
1764379091.106946,3011,31.152832
1764379091.142908,3012,30.882496
1764379091.179309,3013,31.243967
1764379091.214946,3014,30.762783
1764379091.250825,3015,30.901953
1764379091.286882,3016,31.060673
1764379091.323244,3017,31.129345
1764379091.359758,3018,31.145664
1764379091.395653,3019,31.007360
1764379091.431623,3020,30.926529
1764379091.468213,3021,31.042240
1764379091.504297,3022,30.997185
1764379091.540533,3023,31.126240
1764379091.576458,3024,31.087296
1764379091.612518,3025,31.001312
1764379091.648596,3026,30.988993
1764379091.684520,3027,31.059649
1764379091.720607,3028,31.006399
1764379091.757782,3029,31.806145
1764379091.794262,3030,31.325888
1764379091.831234,3031,31.019712
1764379091.868889,3032,31.713633
1764379091.905542,3033,31.120960
1764379091.941338,3034,30.826529
1764379091.977043,3035,30.859968
1764379092.012948,3036,31.065727
1764379092.048813,3037,31.049408
1764379092.084651,3038,31.047297
1764379092.120449,3039,30.969536
1764379092.156211,3040,30.965471
1764379092.192843,3041,31.111872
1764379092.228678,3042,31.028831
1764379092.265291,3043,31.966881
1764379092.301163,3044,30.967487
1764379092.337381,3045,31.121056
1764379092.373795,3046,31.294144
1764379092.409719,3047,31.107777
1764379092.447721,3048,31.280800
1764379092.484109,3049,31.170240
1764379092.520036,3050,31.046783
1764379092.557011,3051,31.021791
1764379092.593299,3052,31.184511
1764379092.629165,3053,31.019487
1764379092.665120,3054,30.844608
1764379092.701598,3055,31.338177
1764379092.737682,3056,31.242945
1764379092.773551,3057,31.032000
1764379092.809518,3058,30.883520
1764379092.845864,3059,31.201984
1764379092.883058,3060,31.915648
1764379092.920152,3061,31.148767
1764379092.956079,3062,31.001280
1764379092.991674,3063,30.968544
1764379093.027526,3064,30.970560
1764379093.066379,3065,33.788609
1764379093.102681,3066,31.179359
1764379093.138615,3067,30.914240
1764379093.174613,3068,31.006399
1764379093.210718,3069,30.830240
1764379093.246978,3070,31.008575
1764379093.284133,3071,31.141567
1764379093.320385,3072,31.079329
1764379093.356427,3073,31.169151
1764379093.392022,3074,30.771904
1764379093.427931,3075,31.047232
1764379093.463544,3076,30.815935
1764379093.499781,3077,31.139521
1764379093.535974,3078,31.018721
1764379093.571937,3079,31.036127
1764379093.607923,3080,31.104639
1764379093.644945,3081,31.218847
1764379093.681422,3082,31.339199
1764379093.717415,3083,31.155807
1764379093.753235,3084,30.988993
1764379093.789417,3085,31.122047
1764379093.825449,3086,31.309504
1764379093.861518,3087,31.243967
1764379093.897825,3088,31.207104
1764379093.934253,3089,31.320768
1764379093.970424,3090,31.136641
1764379094.007227,3091,31.272640
1764379094.043317,3092,30.990017
1764379094.079313,3093,31.024832
1764379094.115673,3094,31.058657
1764379094.152008,3095,31.175425
1764379094.188063,3096,31.226463
1764379094.224085,3097,30.897057
1764379094.260566,3098,31.320768
1764379094.296668,3099,31.198912
1764379094.332827,3100,31.089344
1764379094.370037,3101,31.400448
1764379094.406253,3102,31.202047
1764379094.442625,3103,31.263359
1764379094.479141,3104,31.369921
1764379094.515337,3105,31.200993
1764379094.551774,3106,31.052481
1764379094.588092,3107,31.166977
1764379094.624151,3108,31.213247
1764379094.660264,3109,31.199039
1764379094.696197,3110,31.076992
1764379094.733136,3111,31.146976
1764379094.769584,3112,31.335936
1764379094.805843,3113,31.422144
1764379094.842083,3114,31.192608
1764379094.878471,3115,31.201920
1764379094.914632,3116,31.324640
1764379094.950933,3117,31.052481
1764379094.987422,3118,31.216320
1764379095.023679,3119,31.208128
1764379095.059730,3120,31.204063
1764379095.096535,3121,31.045120
1764379095.133144,3122,31.477440
1764379095.169201,3123,31.239872
1764379095.205232,3124,31.217216
1764379095.241196,3125,31.153856
1764379095.278340,3126,32.062145
1764379095.314801,3127,31.315647
1764379095.351335,3128,31.294144
1764379095.388003,3129,31.228607
1764379095.424438,3130,31.309664
1764379095.461345,3131,31.201792
1764379095.497866,3132,31.413919
1764379095.533896,3133,31.182528
1764379095.570239,3134,31.265345
1764379095.606694,3135,31.335104
1764379095.643231,3136,31.258305
1764379095.679777,3137,30.883520
1764379095.716283,3138,31.288033
1764379095.752441,3139,31.309504
1764379095.788596,3140,31.335136
1764379095.825228,3141,31.105728
1764379095.861328,3142,31.310432
1764379095.897370,3143,31.244991
1764379095.933474,3144,31.271616
1764379095.969427,3145,31.157888
1764379096.006353,3146,31.857248
1764379096.043013,3147,31.512447
1764379096.079390,3148,31.198912
1764379096.116014,3149,31.177376
1764379096.152253,3150,31.130272
1764379096.189572,3151,31.238880
1764379096.226130,3152,31.418049
1764379096.262025,3153,31.025856
1764379096.298411,3154,31.109760
1764379096.334824,3155,31.275711
1764379096.371059,3156,31.123137
1764379096.407446,3157,31.072960
1764379096.444050,3158,31.295263
1764379096.480343,3159,31.361408
1764379096.516306,3160,31.087296
1764379096.553029,3161,31.164097
1764379096.589036,3162,31.172224
1764379096.624934,3163,31.075008
1764379096.661198,3164,31.445696
1764379096.697250,3165,31.233696
1764379096.733624,3166,31.274656
1764379096.770233,3167,31.489729
1764379096.811209,3168,35.977154
1764379096.847512,3169,31.161024
1764379096.883521,3170,31.156927
1764379096.920817,3171,31.456961
1764379096.957298,3172,31.357632
1764379096.993272,3173,31.128256
1764379097.029542,3174,31.194880
1764379097.066144,3175,31.518400
1764379097.102407,3176,31.283903
1764379097.139009,3177,31.324833
1764379097.175797,3178,31.447777
1764379097.212012,3179,31.335104
1764379097.248037,3180,31.213184
1764379097.284742,3181,31.152832
1764379097.320913,3182,31.314655
1764379097.357182,3183,31.405792
1764379097.393542,3184,31.506111
1764379097.429994,3185,31.387392
1764379097.466559,3186,31.532736
1764379097.503261,3187,31.368864
1764379097.539662,3188,31.103519
1764379097.576136,3189,31.231680
1764379097.612270,3190,31.214912
1764379097.649370,3191,31.240896
1764379097.685949,3192,31.439425
1764379097.722185,3193,31.381056
1764379097.758578,3194,31.307487
1764379097.795247,3195,31.558975
1764379097.831739,3196,31.394913
1764379097.868027,3197,31.125183
1764379097.904615,3198,31.463104
1764379097.940853,3199,31.358688
1764379098.010460,3200,64.763519
1764379098.047373,3201,31.353537
1764379098.083411,3202,31.196863
1764379098.119877,3203,31.445536
1764379098.156056,3204,31.313984
1764379098.192879,3205,32.054977
1764379098.229456,3206,31.512287
1764379098.265836,3207,31.255169
1764379098.302423,3208,31.412928
1764379098.338697,3209,31.452768
1764379098.375233,3210,31.256351
1764379098.412652,3211,31.567425
1764379098.449028,3212,31.413792
1764379098.485377,3213,31.369184
1764379098.522112,3214,31.624832
1764379098.558308,3215,31.268543
1764379098.594723,3216,31.559361
1764379098.630909,3217,31.321793
1764379098.667107,3218,31.194752
1764379098.703581,3219,31.230656
1764379098.740296,3220,31.443647
1764379098.777344,3221,31.474367
1764379098.813812,3222,31.375040
1764379098.850489,3223,31.563456
1764379098.887027,3224,31.260384
1764379098.923928,3225,31.557184
1764379098.960208,3226,31.395519
1764379098.996669,3227,31.329056
1764379099.033266,3228,31.463137
1764379099.069363,3229,31.262527
1764379099.105716,3230,31.265472
1764379099.142997,3231,31.535809
1764379099.179218,3232,31.269567
1764379099.215511,3233,31.057505
1764379099.252867,3234,32.097984
1764379099.289287,3235,31.342272
1764379099.325788,3236,31.372032
1764379099.362384,3237,31.502081
1764379099.398597,3238,31.336161
1764379099.435265,3239,31.550144
1764379099.471894,3240,31.449951
1764379099.508950,3241,31.466911
1764379099.546037,3242,32.207554
1764379099.582793,3243,31.628992
1764379099.619186,3244,31.385281
1764379099.655550,3245,31.353537
1764379099.692055,3246,31.455008
1764379099.728554,3247,31.361664
1764379099.765236,3248,31.518335
1764379099.801557,3249,31.435455
1764379099.837843,3250,31.227520
1764379099.875201,3251,31.593151
1764379099.911497,3252,31.397568
1764379099.948284,3253,31.566561
1764379099.985113,3254,31.627487
1764379100.021399,3255,31.408833
1764379100.057788,3256,31.596256
1764379100.094078,3257,31.245024
1764379100.130699,3258,31.566463
1764379100.167022,3259,31.496897
1764379100.203319,3260,31.304352
1764379100.240573,3261,31.394432
1764379100.277338,3262,31.567520
1764379100.313628,3263,31.438528
1764379100.350143,3264,31.437536
1764379100.386694,3265,31.420128
1764379100.423042,3266,31.509184
1764379100.459323,3267,31.427296
1764379100.496089,3268,31.420160
1764379100.532849,3269,31.578880
1764379100.569195,3270,31.421120
1764379100.606419,3271,31.525568
1764379100.642671,3272,31.410879
1764379100.678879,3273,31.399649
1764379100.715113,3274,31.407808
1764379100.751384,3275,31.328960
1764379100.787580,3276,31.224480
1764379100.823748,3277,31.362783
1764379100.860079,3278,31.519424
1764379100.896172,3279,31.434528
1764379100.932366,3280,31.339199
1764379100.969420,3281,31.341248
1764379101.006847,3282,32.308929
1764379101.043332,3283,31.402687
1764379101.079940,3284,31.321728
1764379101.116655,3285,31.599392
1764379101.153094,3286,31.599297
1764379101.189815,3287,31.649471
1764379101.226542,3288,31.409857
1764379101.263483,3289,31.437599
1764379101.300512,3290,31.399424
1764379101.338334,3291,31.839935
1764379101.374995,3292,31.328960
1764379101.411613,3293,31.255232
1764379101.448159,3294,31.227585
1764379101.484725,3295,31.291103
1764379101.521081,3296,31.391424
1764379101.557493,3297,31.338177
1764379101.593732,3298,31.188671
1764379101.634675,3299,35.874561
1764379101.671131,3300,31.343296
1764379101.708588,3301,31.385281
1764379101.745282,3302,31.358656
1764379101.781634,3303,31.278784
1764379101.818004,3304,31.305344
1764379101.854704,3305,31.375360
1764379101.891233,3306,31.298241
1764379101.927572,3307,31.381151
1764379101.964601,3308,31.819679
1764379102.001801,3309,31.862305
1764379102.038343,3310,31.206047
1764379102.076245,3311,31.884993
1764379102.112896,3312,31.333055
1764379102.149411,3313,31.466175
1764379102.185459,3314,31.249121
1764379102.222301,3315,31.776417
1764379102.259111,3316,31.492800
1764379102.296687,3317,32.032864
1764379102.333898,3318,31.864511
1764379102.370726,3319,31.514303
1764379102.407584,3320,31.499744
1764379102.445115,3321,31.476416
1764379102.482282,3322,31.791744
1764379102.519365,3323,31.670977
1764379102.556710,3324,31.755968
1764379102.593690,3325,31.732544
1764379102.629858,3326,31.306400
1764379102.666303,3327,31.590113
1764379102.703270,3328,31.360640
1764379102.740626,3329,31.872192
1764379102.777699,3330,31.497215
1764379102.815561,3331,31.673023
1764379102.852313,3332,31.386240
1764379102.889045,3333,31.663649
1764379102.925316,3334,31.196863
1764379102.961805,3335,31.531712
1764379102.998470,3336,31.737568
1764379103.034886,3337,31.232864
1764379103.072584,3338,32.057022
1764379103.110467,3339,32.266975
1764379103.147439,3340,31.642273
1764379103.185173,3341,31.554337
1764379103.222569,3342,32.066273
1764379103.259494,3343,31.465153
1764379103.296415,3344,31.588032
1764379103.333032,3345,31.611809
1764379103.369621,3346,31.449793
1764379103.406998,3347,32.058048
1764379103.444352,3348,31.819584
1764379103.481695,3349,31.825632
1764379103.518482,3350,31.549088
1764379103.556093,3351,31.862593
1764379103.593056,3352,31.541599
1764379103.629980,3353,31.578848
1764379103.666990,3354,31.683264
1764379103.704235,3355,31.572672
1764379103.741383,3356,31.651487
1764379103.778401,3357,31.529663
1764379103.815488,3358,31.580832
1764379103.852743,3359,31.613632
1764379103.889302,3360,31.326847
1764379103.926682,3361,31.664991
1764379103.963477,3362,31.471296
1764379104.000130,3363,31.247007
1764379104.037037,3364,31.726273
1764379104.074550,3365,32.189247
1764379104.111653,3366,31.605408
1764379104.148836,3367,31.574720
1764379104.186470,3368,32.300735
1764379104.223660,3369,31.651520
1764379104.260906,3370,31.810240
1764379104.298545,3371,31.601152
1764379104.335789,3372,31.683296
1764379104.372993,3373,31.725281
1764379104.409971,3374,31.456928
1764379104.447625,3375,32.136864
1764379104.485073,3376,31.950624
1764379104.522423,3377,31.814304
1764379104.560034,3378,32.085632
1764379104.597157,3379,31.725248
1764379104.634075,3380,31.636160
1764379104.671643,3381,31.860224
1764379104.708239,3382,31.487488
1764379104.745544,3383,31.776512
1764379104.783999,3384,32.882366
1764379104.821401,3385,31.787712
1764379104.858957,3386,31.989441
1764379104.896724,3387,32.174786
1764379104.934015,3388,31.753344
1764379104.971110,3389,31.721279
1764379105.007832,3390,31.474400
1764379105.045186,3391,31.564480
1764379105.082142,3392,31.721151
1764379105.119272,3393,31.814337
1764379105.156353,3394,31.608448
1764379105.193586,3395,31.792896
1764379105.230535,3396,31.472351
1764379105.267730,3397,31.891136
1764379105.304594,3398,31.432384
1764379105.341640,3399,31.554239
1764379105.414445,3400,67.453697
1764379105.451988,3401,31.448799
1764379105.489176,3402,31.698624
1764379105.526420,3403,31.946432
1764379105.563001,3404,31.518335
1764379105.599785,3405,31.576799
1764379105.636824,3406,31.663809
1764379105.673883,3407,31.559361
1764379105.711162,3408,31.774401
1764379105.748394,3409,31.679199
1764379105.785332,3410,31.452831
1764379105.826590,3411,35.196640
1764379105.863535,3412,31.427233
1764379105.900745,3413,31.684288
1764379105.938040,3414,31.822529
1764379105.974970,3415,31.627968
1764379106.012274,3416,32.031616
1764379106.048728,3417,31.587072
1764379106.085752,3418,31.922880
1764379106.122704,3419,31.591105
1764379106.160117,3420,31.918913
1764379106.198220,3421,31.994560
1764379106.235365,3422,31.629025
1764379106.273160,3423,32.031391
1764379106.309927,3424,31.645311
1764379106.346154,3425,31.404768
1764379106.382931,3426,31.564512
1764379106.420288,3427,31.924992
1764379106.457311,3428,31.556896
1764379106.494857,3429,32.139137
1764379106.533011,3430,32.576191
1764379106.570683,3431,31.504448
1764379106.608008,3432,31.938240
1764379106.645283,3433,31.754911
1764379106.682736,3434,32.051842
1764379106.720124,3435,32.003742
1764379106.757232,3436,31.671904
1764379106.794410,3437,31.619776
1764379106.831731,3438,31.882944
1764379106.868707,3439,31.531744
1764379106.905756,3440,31.491776
1764379106.943871,3441,32.073406
1764379106.980822,3442,31.557312
1764379107.017986,3443,31.616735
1764379107.055112,3444,32.019073
1764379107.091532,3445,31.584929
1764379107.128806,3446,31.819489
1764379107.166936,3447,32.729794
1764379107.203886,3448,31.508160
1764379107.241786,3449,32.306881
1764379107.279423,3450,32.223934
1764379107.317227,3451,31.652609
1764379107.354802,3452,32.219841
1764379107.391836,3453,31.657663
1764379107.428718,3454,31.591105
1764379107.465356,3455,31.780544
1764379107.501837,3456,31.400608
1764379107.539572,3457,32.176830
1764379107.577785,3458,32.692863
1764379107.614743,3459,31.557377
1764379107.652930,3460,32.795746
1764379107.690478,3461,31.490688
1764379107.727343,3462,31.626944
1764379107.763869,3463,31.666719
1764379107.800950,3464,31.779552
1764379107.837723,3465,31.513281
1764379107.874866,3466,32.045761
1764379107.912483,3467,32.179295
1764379107.949544,3468,31.541952
1764379107.986863,3469,32.180737
1764379108.023344,3470,31.447584
1764379108.061100,3471,31.653824
1764379108.098156,3472,31.969919
1764379108.134894,3473,31.645376
1764379108.172929,3474,32.485313
1764379108.209589,3475,31.541952
1764379108.246460,3476,31.614656
1764379108.284664,3477,32.817856
1764379108.321497,3478,31.445696
1764379108.358503,3479,31.519424
1764379108.396711,3480,32.787167
1764379108.434351,3481,31.542976
1764379108.471234,3482,31.539841
1764379108.508826,3483,32.143425
1764379108.545446,3484,31.517183
1764379108.582191,3485,31.912640
1764379108.618918,3486,31.635168
1764379108.657042,3487,32.594814
1764379108.694432,3488,31.969984
1764379108.731397,3489,31.626944
1764379108.769268,3490,32.186016
1764379108.807417,3491,32.084705
1764379108.844341,3492,31.573631
1764379108.881523,3493,31.595552
1764379108.918669,3494,31.993536
1764379108.955187,3495,31.686239
1764379108.991869,3496,31.519104
1764379109.030057,3497,32.746048
1764379109.067529,3498,32.079552
1764379109.104776,3499,32.091743
1764379109.141078,3500,31.456991
1764379109.178369,3501,31.520416
1764379109.216552,3502,32.807617
1764379109.254008,3503,32.054913
1764379109.290623,3504,31.510208
1764379109.327401,3505,31.973057
1764379109.364090,3506,31.427263
1764379109.401731,3507,32.103104
1764379109.439193,3508,32.112320
1764379109.476266,3509,31.626783
1764379109.513796,3510,32.173759
1764379109.551522,3511,31.634111
1764379109.588650,3512,31.633087
1764379109.625699,3513,31.697536
1764379109.662549,3514,31.755968
1764379109.699099,3515,31.561440
1764379109.735780,3516,31.426271
1764379109.773504,3517,32.332863
1764379109.810614,3518,31.722113
1764379109.848197,3519,32.062145
1764379109.885567,3520,32.037567
1764379109.923283,3521,31.667648
1764379109.960187,3522,31.500992
1764379109.997080,3523,31.559361
1764379110.033957,3524,31.513248
1764379110.070781,3525,31.753920
1764379110.107649,3526,31.455872
1764379110.144529,3527,31.552193
1764379110.181465,3528,31.741632
1764379110.218726,3529,31.949505
1764379110.255951,3530,31.732224
1764379110.294019,3531,31.827648
1764379110.331304,3532,31.977089
1764379110.369406,3533,32.415424
1764379110.406895,3534,31.982304
1764379110.443795,3535,31.797953
1764379110.480768,3536,31.717216
1764379110.518637,3537,32.363201
1764379110.555702,3538,31.573601
1764379110.593888,3539,32.671425
1764379110.630927,3540,31.695456
1764379110.668770,3541,31.830721
1764379110.705884,3542,31.883936
1764379110.743118,3543,31.915775
1764379110.780308,3544,31.793856
1764379110.817002,3545,31.745760
1764379110.856524,3546,34.584351
1764379110.893632,3547,31.849152
1764379110.930816,3548,31.785631
1764379110.968059,3549,31.636095
1764379111.005408,3550,31.694529
1764379111.043277,3551,31.678144
1764379111.080394,3552,31.547071
1764379111.117355,3553,31.771328
1764379111.154020,3554,31.873920
1764379111.190684,3555,31.775423
1764379111.227504,3556,31.627968
1764379111.265505,3557,32.648930
1764379111.303557,3558,32.424511
1764379111.341689,3559,32.488129
1764379111.379412,3560,32.387810
1764379111.417175,3561,31.699648
1764379111.454003,3562,31.493759
1764379111.491195,3563,31.700672
1764379111.528717,3564,32.014977
1764379111.565772,3565,31.692160
1764379111.602670,3566,31.691456
1764379111.640425,3567,32.293633
1764379111.678544,3568,32.763584
1764379111.716343,3569,32.343777
1764379111.753721,3570,31.903648
1764379111.791677,3571,31.807199
1764379111.829135,3572,31.832640
1764379111.866804,3573,32.140991
1764379111.903906,3574,31.659712
1764379111.941134,3575,31.987392
1764379111.978063,3576,31.878880
1764379112.015122,3577,31.572672
1764379112.053205,3578,32.569023
1764379112.091317,3579,32.620384
1764379112.128373,3580,31.490751
1764379112.166216,3581,31.944384
1764379112.202965,3582,31.953600
1764379112.239807,3583,31.475424
1764379112.277854,3584,32.497345
1764379112.314809,3585,31.748800
1764379112.351907,3586,31.934143
1764379112.389154,3587,31.764000
1764379112.426676,3588,32.189121
1764379112.463730,3589,31.714945
1764379112.500890,3590,31.762112
1764379112.539445,3591,32.394943
1764379112.576976,3592,31.860416
1764379112.614101,3593,32.048832
1764379112.650491,3594,31.467169
1764379112.687404,3595,32.008926
1764379112.724219,3596,31.730272
1764379112.761832,3597,32.019264
1764379112.799651,3598,32.265858
1764379112.837880,3599,32.606911
1764379112.909698,3600,66.727615
1764379112.947684,3601,31.683201
1764379112.984935,3602,31.783615
1764379113.022864,3603,32.487103
1764379113.060097,3604,31.732416
1764379113.097389,3605,32.014786
1764379113.134562,3606,31.966848
1764379113.172568,3607,32.533184
1764379113.209626,3608,31.851200
1764379113.246670,3609,31.983328
1764379113.284220,3610,32.076416
1764379113.322660,3611,32.125633
1764379113.359775,3612,31.737440
1764379113.396531,3613,31.688192
1764379113.433888,3614,32.235455
1764379113.470795,3615,31.676096
1764379113.508060,3616,32.026302
1764379113.545307,3617,31.719105
1764379113.582932,3618,32.306881
1764379113.621169,3619,32.702431
1764379113.659263,3620,32.715454
1764379113.698098,3621,32.629089
1764379113.735693,3622,32.076416
1764379113.773075,3623,31.864767
1764379113.810473,3624,31.973057
1764379113.847834,3625,32.150208
1764379113.884755,3626,31.546047
1764379113.922144,3627,31.935167
1764379113.959521,3628,32.017982
1764379113.996907,3629,31.745792
1764379114.034333,3630,31.965887
1764379114.072500,3631,32.112896
1764379114.109782,3632,31.808128
1764379114.147268,3633,32.023232
1764379114.183967,3634,31.607489
1764379114.221030,3635,32.130753
1764379114.258104,3636,32.156353
1764379114.295027,3637,31.902399
1764379114.332216,3638,31.625919
1764379114.369922,3639,32.395969
1764379114.407153,3640,31.725281
1764379114.445624,3641,32.368641
1764379114.483370,3642,32.378559
1764379114.520680,3643,31.788736
1764379114.558058,3644,32.173759
1764379114.595125,3645,32.155392
1764379114.631875,3646,31.565504
1764379114.669662,3647,32.647873
1764379114.706832,3648,32.042686
1764379114.745057,3649,32.612255
1764379114.783161,3650,32.576191
1764379114.821282,3651,31.961824
1764379114.859419,3652,32.651966
1764379114.896946,3653,31.966721
1764379114.934289,3654,31.701504
1764379114.975076,3655,35.570400
1764379115.012744,3656,32.564926
1764379115.050365,3657,32.305889
1764379115.087656,3658,31.827648
1764379115.124986,3659,32.019039
1764379115.162473,3660,32.042686
1764379115.200699,3661,32.148415
1764379115.237830,3662,31.832767
1764379115.274882,3663,31.996481
1764379115.312104,3664,31.826656
1764379115.349065,3665,31.746752
1764379115.385963,3666,31.841921
1764379115.423228,3667,31.930048
1764379115.460996,3668,31.915775
1764379115.498389,3669,32.107201
1764379115.535504,3670,31.805120
1764379115.574321,3671,32.613247
1764379115.612466,3672,32.620224
1764379115.650350,3673,32.413376
1764379115.687645,3674,31.810335
1764379115.725171,3675,32.006817
1764379115.762264,3676,31.781569
1764379115.800291,3677,32.583359
1764379115.837720,3678,32.100960
1764379115.875360,3679,32.148159
1764379115.913249,3680,32.177345
1764379115.951112,3681,32.109249
1764379115.988188,3682,31.858400
1764379116.025708,3683,32.041599
1764379116.062935,3684,32.033504
1764379116.100070,3685,31.975103
1764379116.137356,3686,32.003777
1764379116.175224,3687,32.437950
1764379116.213044,3688,32.436737
1764379116.250799,3689,32.290497
1764379116.287802,3690,31.942335
1764379116.325492,3691,31.838976
1764379116.363241,3692,32.350910
1764379116.400647,3693,31.896320
1764379116.438785,3694,32.658047
1764379116.475791,3695,31.959743
1764379116.513112,3696,32.058048
1764379116.551051,3697,32.450241
1764379116.588147,3698,31.732416
1764379116.625300,3699,31.838911
1764379116.663171,3700,32.395969
1764379116.701278,3701,31.883968
1764379116.738928,3702,32.163425
1764379116.776611,3703,32.131714
1764379116.813687,3704,31.672319
1764379116.850677,3705,31.911648
1764379116.887515,3706,31.606497
1764379116.925716,3707,32.568001
1764379116.963130,3708,31.926975
1764379117.000916,3709,32.300735
1764379117.038558,3710,32.137024
1764379117.076388,3711,31.820480
1764379117.113689,3712,31.735807
1764379117.150867,3713,31.809343
1764379117.187569,3714,31.603424
1764379117.224226,3715,31.729631
1764379117.261050,3716,31.723743
1764379117.298332,3717,31.938240
1764379117.335192,3718,31.772287
1764379117.372074,3719,31.662785
1764379117.409524,3720,32.114368
1764379117.447391,3721,31.855360
1764379117.485117,3722,32.343742
1764379117.522148,3723,31.672001
1764379117.559277,3724,31.792768
1764379117.596191,3725,31.770687
1764379117.632985,3726,31.535839
1764379117.670184,3727,31.691456
1764379117.707304,3728,31.796928
1764379117.744210,3729,31.631041
1764379117.780903,3730,31.622816
1764379117.819201,3731,32.308929
1764379117.856282,3732,31.639233
1764379117.892990,3733,31.665089
1764379117.930607,3734,32.313087
1764379117.967782,3735,31.908545
1764379118.004303,3736,31.571648
1764379118.040661,3737,31.593151
1764379118.078151,3738,32.444096
1764379118.115336,3739,31.841984
1764379118.152454,3740,31.569599
1764379118.191154,3741,32.546497
1764379118.228912,3742,32.338623
1764379118.266464,3743,32.205406
1764379118.303312,3744,31.684288
1764379118.339767,3745,31.618624
1764379118.376302,3746,31.570688
1764379118.412935,3747,31.616640
1764379118.450930,3748,32.649921
1764379118.489050,3749,32.628735
1764379118.526539,3750,31.895231
1764379118.564776,3751,32.105183
1764379118.602189,3752,32.014111
1764379118.639656,3753,31.916704
1764379118.676852,3754,32.063168
1764379118.713667,3755,32.010944
1764379118.750345,3756,31.879871
1764379118.787689,3757,32.156384
1764379118.825780,3758,32.608158
1764379118.863363,3759,32.197311
1764379118.901435,3760,32.629440
1764379118.939538,3761,32.022144
1764379118.976931,3762,31.980225
1764379119.014464,3763,32.153248
1764379119.051602,3764,32.009918
1764379119.093451,3765,36.561314
1764379119.131418,3766,32.343742
1764379119.168955,3767,32.113342
1764379119.206486,3768,32.007904
1764379119.244116,3769,32.262241
1764379119.281636,3770,32.048031
1764379119.319801,3771,32.226944
1764379119.356755,3772,31.987392
1764379119.393817,3773,31.980225
1764379119.431530,3774,32.198273
1764379119.468813,3775,32.137920
1764379119.505983,3776,32.083584
1764379119.543613,3777,32.094913
1764379119.581949,3778,32.851646
1764379119.619676,3779,32.320129
1764379119.658118,3780,32.968224
1764379119.696229,3781,32.019135
1764379119.734037,3782,32.285343
1764379119.771631,3783,32.178303
1764379119.809330,3784,32.213696
1764379119.847381,3785,32.481953
1764379119.885282,3786,32.318146
1764379119.922959,3787,32.256256
1764379119.960837,3788,32.268063
1764379119.998586,3789,32.214912
1764379120.035935,3790,32.210560
1764379120.074231,3791,32.329407
1764379120.111707,3792,32.109249
1764379120.149497,3793,32.168831
1764379120.186882,3794,32.277184
1764379120.223896,3795,31.996576
1764379120.261093,3796,31.852224
1764379120.298869,3797,32.382591
1764379120.337203,3798,32.873631
1764379120.374537,3799,32.148159
1764379120.447667,3800,68.030083
1764379120.486261,3801,32.292767
1764379120.523754,3802,32.117409
1764379120.561545,3803,32.342335
1764379120.599248,3804,32.236160
1764379120.637058,3805,32.391872
1764379120.674810,3806,32.179905
1764379120.712355,3807,32.128674
1764379120.750016,3808,32.270046
1764379120.787944,3809,32.660927
1764379120.825477,3810,32.049854
1764379120.863903,3811,32.383617
1764379120.901938,3812,32.438816
1764379120.939430,3813,32.095936
1764379120.977152,3814,32.183903
1764379121.015030,3815,32.476864
1764379121.052556,3816,32.069599
1764379121.090435,3817,32.366432
1764379121.128123,3818,32.311008
1764379121.165751,3819,32.220863
1764379121.203197,3820,32.063137
1764379121.241596,3821,32.357151
1764379121.279427,3822,32.406208
1764379121.317308,3823,32.331295
1764379121.355182,3824,32.304832
1764379121.392947,3825,32.354240
1764379121.429819,3826,32.015999
1764379121.467098,3827,32.198753
1764379121.505669,3828,32.957024
1764379121.543459,3829,32.368286
1764379121.581721,3830,32.873154
1764379121.619893,3831,32.196255
1764379121.657029,3832,31.916639
1764379121.694872,3833,32.418465
1764379121.732700,3834,32.238689
1764379121.770357,3835,32.255745
1764379121.807999,3836,32.183872
1764379121.845868,3837,32.426910
1764379121.883413,3838,32.137791
1764379121.921210,3839,32.288383
1764379121.958973,3840,32.371391
1764379121.997310,3841,32.207809
1764379122.035320,3842,32.441025
1764379122.073174,3843,32.398911
1764379122.110930,3844,32.292480
1764379122.148535,3845,32.189983
1764379122.186287,3846,32.382591
1764379122.223975,3847,32.290848
1764379122.262084,3848,32.525024
1764379122.300187,3849,32.695934
1764379122.338100,3850,32.320160
1764379122.376536,3851,32.192127
1764379122.413827,3852,32.170654
1764379122.451030,3853,32.235199
1764379122.489143,3854,32.885441
1764379122.527629,3855,33.039040
1764379122.565714,3856,32.425697
1764379122.603545,3857,32.430782
1764379122.641123,3858,32.141953
1764379122.678992,3859,32.480160
1764379122.716611,3860,32.170849
1764379122.755311,3861,32.507553
1764379122.792983,3862,32.254498
1764379122.830297,3863,32.218910
1764379122.867247,3864,31.995584
1764379122.905195,3865,32.872063
1764379122.943506,3866,32.773727
1764379122.982234,3867,33.136353
1764379123.020012,3868,32.347839
1764379123.057535,3869,32.126591
1764379123.094850,3870,32.191170
1764379123.132550,3871,32.129601
1764379123.171534,3872,32.595650
1764379123.209938,3873,32.972897
1764379123.247664,3874,32.327358
1764379123.285468,3875,32.164543
1764379123.323759,3876,32.896641
1764379123.361568,3877,32.353985
1764379123.399659,3878,32.683743
1764379123.437080,3879,32.306911
1764379123.473959,3880,32.059071
1764379123.511905,3881,32.103039
1764379123.549544,3882,32.205441
1764379123.588004,3883,32.947937
1764379123.629263,3884,35.837601
1764379123.666871,3885,32.205471
1764379123.704509,3886,32.232449
1764379123.742088,3887,32.184223
1764379123.779891,3888,32.419456
1764379123.817728,3889,32.218815
1764379123.855104,3890,32.290497
1764379123.894046,3891,33.095390
1764379123.931536,3892,32.278210
1764379123.969569,3893,32.488129
1764379124.007551,3894,32.464577
1764379124.045439,3895,32.357185
1764379124.082814,3896,32.250561
1764379124.120033,3897,32.238209
1764379124.157246,3898,32.108959
1764379124.195019,3899,32.411327
1764379124.233692,3900,33.070175
1764379124.272310,3901,32.527073
1764379124.309897,3902,32.182976
1764379124.347854,3903,32.560863
1764379124.385321,3904,32.263870
1764379124.422499,3905,32.235233
1764379124.459869,3906,32.300129
1764379124.497277,3907,32.232834
1764379124.534746,3908,32.252609
1764379124.573231,3909,33.073280
1764379124.611553,3910,32.908928
1764379124.649920,3911,32.426495
1764379124.686873,3912,32.114368
1764379124.724147,3913,32.039906
1764379124.762797,3914,33.111614
1764379124.801478,3915,33.263554
1764379124.839849,3916,32.795326
1764379124.877437,3917,32.173759
1764379124.915247,3918,32.430656
1764379124.953203,3919,32.186272
1764379124.991011,3920,32.424641
1764379125.029543,3921,32.424801
1764379125.067036,3922,32.160446
1764379125.104403,3923,32.292545
1764379125.142338,3924,32.449120
1764379125.180171,3925,32.275070
1764379125.217876,3926,32.304832
1764379125.255649,3927,32.238304
1764379125.293204,3928,32.080513
1764379125.331114,3929,32.548546
1764379125.369200,3930,32.474464
1764379125.407495,3931,32.240318
1764379125.445143,3932,32.221825
1764379125.482767,3933,32.333504
1764379125.519719,3934,32.124607
1764379125.556928,3935,32.236256
1764379125.594347,3936,32.354881
1764379125.633179,3937,33.270401
1764379125.671558,3938,32.899776
1764379125.709996,3939,33.009407
1764379125.747782,3940,32.374462
1764379125.786423,3941,32.292545
1764379125.824254,3942,32.424866
1764379125.862047,3943,32.392128
1764379125.899734,3944,32.196289
1764379125.937713,3945,32.589760
1764379125.975423,3946,32.331520
1764379126.013396,3947,32.417439
1764379126.051278,3948,32.471745
1764379126.089267,3949,32.369343
1764379126.126966,3950,32.313984
1764379126.165461,3951,32.414433
1764379126.203236,3952,32.397984
1764379126.241449,3953,32.600674
1764379126.279326,3954,32.485058
1764379126.317214,3955,32.294594
1764379126.354990,3956,32.379585
1764379126.392973,3957,32.574978
1764379126.431118,3958,32.575169
1764379126.468995,3959,32.450241
1764379126.506519,3960,32.426689
1764379126.544340,3961,32.276417
1764379126.581541,3962,32.073536
1764379126.620113,3963,33.182430
1764379126.658483,3964,32.970463
1764379126.696188,3965,32.319168
1764379126.734355,3966,32.617184
1764379126.771919,3967,32.445377
1764379126.809261,3968,32.200417
1764379126.847380,3969,32.729794
1764379126.885279,3970,32.430817
1764379126.923738,3971,32.402111
1764379126.961632,3972,32.494270
1764379126.999474,3973,32.452290
1764379127.037455,3974,32.313023
1764379127.075475,3975,32.616127
1764379127.113436,3976,32.432770
1764379127.151332,3977,32.340672
1764379127.189157,3978,32.416447
1764379127.226975,3979,32.409153
1764379127.265052,3980,32.634911
1764379127.303727,3981,32.484482
1764379127.341366,3982,32.235199
1764379127.379237,3983,32.449215
1764379127.417048,3984,32.371391
1764379127.454884,3985,32.446274
1764379127.492697,3986,32.355007
1764379127.530204,3987,32.390911
1764379127.567474,3988,32.284286
1764379127.604994,3989,32.255520
1764379127.642727,3990,32.362175
1764379127.681575,3991,32.623295
1764379127.719484,3992,32.570080
1764379127.757590,3993,32.553570
1764379127.799959,3994,36.966015
1764379127.837378,3995,32.289375
1764379127.874776,3996,32.183998
1764379127.912513,3997,32.387775
1764379127.950210,3998,32.303745
1764379127.988938,3999,33.180351
1764379128.062678,4000,68.317886
1764379128.101567,4001,32.751999
1764379128.139563,4002,32.420544
1764379128.177885,4003,32.656063
1764379128.215619,4004,32.631489
1764379128.252855,4005,32.218880
1764379128.290299,4006,32.244415
1764379128.328768,4007,33.076897
1764379128.367367,4008,33.070786
1764379128.405454,4009,32.635105
1764379128.443402,4010,32.401089
1764379128.481953,4011,32.428768
1764379128.519673,4012,32.345825
1764379128.557262,4013,32.410305
1764379128.594460,4014,32.243423
1764379128.633063,4015,33.421696
1764379128.672060,4016,33.394592
1764379128.709975,4017,32.392319
1764379128.748832,4018,33.321888
1764379128.787194,4019,32.942818
1764379128.825212,4020,32.552734
1764379128.863590,4021,32.319168
1764379128.901213,4022,32.224960
1764379128.939492,4023,32.913120
1764379128.977716,4024,32.586399
1764379129.015969,4025,32.581470
1764379129.054050,4026,32.563904
1764379129.091999,4027,32.355007
1764379129.130039,4028,32.538303
1764379129.167957,4029,32.366207
1764379129.206087,4030,32.874176
1764379129.244242,4031,32.477024
1764379129.281944,4032,32.415424
1764379129.320756,4033,33.498848
1764379129.358594,4034,32.701057
1764379129.395647,4035,32.207554
1764379129.433170,4036,32.285408
1764379129.472006,4037,33.242817
1764379129.510237,4038,32.738400
1764379129.548664,4039,33.055809
1764379129.586412,4040,32.454144
1764379129.624753,4041,32.528160
1764379129.662445,4042,32.303806
1764379129.700267,4043,32.427776
1764379129.738840,4044,33.061535
1764379129.777750,4045,33.306847
1764379129.816019,4046,32.687809
1764379129.853919,4047,32.326206
1764379129.891617,4048,32.591679
1764379129.929389,4049,32.353985
1764379129.967493,4050,32.728767
1764379130.006473,4051,32.720638
1764379130.044370,4052,32.511681
1764379130.082695,4053,32.937664
1764379130.120782,4054,32.510654
1764379130.159106,4055,32.655487
1764379130.197252,4056,32.566944
1764379130.235716,4057,32.820927
1764379130.273783,4058,32.476894
1764379130.311958,4059,32.591423
1764379130.350105,4060,32.536385
1764379130.389106,4061,32.903873
1764379130.427243,4062,32.582336
1764379130.465275,4063,32.598751
1764379130.502953,4064,32.392895
1764379130.540332,4065,32.383678
1764379130.577888,4066,32.239010
1764379130.615523,4067,32.529121
1764379130.653108,4068,32.221760
1764379130.691672,4069,33.027714
1764379130.729422,4070,32.337631
1764379130.767970,4071,32.468414
1764379130.806819,4072,33.327808
1764379130.844758,4073,32.503841
1764379130.882797,4074,32.523998
1764379130.920810,4075,32.444096
1764379130.958930,4076,32.843456
1764379130.996249,4077,32.377087
1764379131.034680,4078,33.123009
1764379131.073501,4079,33.421249
1764379131.112198,4080,33.268353
1764379131.150717,4081,32.478848
1764379131.188713,4082,32.638592
1764379131.226982,4083,32.852673
1764379131.265526,4084,32.942081
1764379131.303903,4085,32.828094
1764379131.342044,4086,32.576126
1764379131.380384,4087,32.945824
1764379131.418270,4088,32.473793
1764379131.456568,4089,32.736961
1764379131.494585,4090,32.607937
1764379131.533279,4091,32.603809
1764379131.571375,4092,32.681664
1764379131.609105,4093,32.534431
1764379131.646636,4094,32.537281
1764379131.684664,4095,32.788544
1764379131.723429,4096,33.188351
1764379131.761574,4097,32.539490
1764379131.800760,4098,33.679134
1764379131.838748,4099,32.520897
1764379131.876785,4100,32.668415
1764379131.915504,4101,32.657089
1764379131.953584,4102,32.667263
1764379131.991786,4103,32.823902
1764379132.029845,4104,32.428738
1764379132.068021,4105,32.771774
1764379132.106179,4106,32.746113
1764379132.144285,4107,32.590466
1764379132.182504,4108,32.822754
1764379132.220552,4109,32.655136
1764379132.258780,4110,32.813759
1764379132.297598,4111,32.719616
1764379132.335619,4112,32.608959
1764379132.373677,4113,32.478111
1764379132.412104,4114,32.858814
1764379132.450221,4115,32.555714
1764379132.488459,4116,32.678047
1764379132.526846,4117,32.944832
1764379132.564936,4118,32.487103
1764379132.603015,4119,32.687809
1764379132.644345,4120,36.168289
1764379132.682954,4121,32.876320
1764379132.721697,4122,33.669823
1764379132.759764,4123,32.522881
1764379132.798801,4124,33.431232
1764379132.837044,4125,32.942818
1764379132.874456,4126,32.475777
1764379132.912230,4127,32.515778
1764379132.951244,4128,33.598080
1764379132.990158,4129,33.485535
1764379133.028651,4130,32.912064
1764379133.067910,4131,33.018623
1764379133.106149,4132,32.804543
1764379133.144749,4133,33.067074
1764379133.182652,4134,32.631454
1764379133.219983,4135,32.515778
1764379133.258417,4136,33.343166
1764379133.296520,4137,32.684288
1764379133.334758,4138,32.967361
1764379133.372222,4139,32.635586
1764379133.410336,4140,32.778976
1764379133.449165,4141,32.614178
1764379133.487947,4142,33.394207
1764379133.526697,4143,33.263039
1764379133.564977,4144,32.966335
1764379133.602578,4145,32.687138
1764379133.640449,4146,32.641663
1764379133.679099,4147,33.222336
1764379133.717124,4148,32.825024
1764379133.755001,4149,32.761951
1764379133.793045,4150,32.642017
1764379133.832918,4151,33.654655
1764379133.871363,4152,32.999104
1764379133.910173,4153,33.347233
1764379133.947956,4154,32.497311
1764379133.985623,4155,32.704159
1764379134.023637,4156,32.796352
1764379134.061965,4157,32.688606
1764379134.100925,4158,33.581985
1764379134.139893,4159,33.558208
1764379134.178303,4160,32.816895
1764379134.217279,4161,32.800510
1764379134.255371,4162,32.569984
1764379134.293758,4163,32.813473
1764379134.331473,4164,32.590527
1764379134.369032,4165,32.556866
1764379134.406934,4166,32.826942
1764379134.445369,4167,32.821182
1764379134.484519,4168,33.580734
1764379134.523781,4169,33.609665
1764379134.562171,4170,32.795326
1764379134.601178,4171,33.009342
1764379134.638513,4172,32.517822
1764379134.676316,4173,32.592831
1764379134.714431,4174,32.984737
1764379134.751852,4175,32.599712
1764379134.789852,4176,32.631489
1764379134.828214,4177,32.983551
1764379134.867085,4178,33.499840
1764379134.905698,4179,32.964958
1764379134.944780,4180,33.551361
1764379134.983274,4181,32.678593
1764379135.020768,4182,32.386753
1764379135.059026,4183,32.694977
1764379135.097094,4184,32.630657
1764379135.135344,4185,32.870014
1764379135.173609,4186,32.776352
1764379135.211621,4187,32.627392
1764379135.249570,4188,32.530113
1764379135.288321,4189,33.185471
1764379135.326860,4190,32.925312
1764379135.365984,4191,32.834270
1764379135.404096,4192,32.713409
1764379135.442151,4193,32.664288
1764379135.480411,4194,32.726559
1764379135.518673,4195,32.721535
1764379135.557125,4196,33.073856
1764379135.595525,4197,32.884480
1764379135.633699,4198,32.588257
1764379135.671941,4199,33.092094
1764379135.745084,4200,67.918526
1764379135.783798,4201,32.736992
1764379135.822502,4202,33.235554
1764379135.860822,4203,32.908066
1764379135.899949,4204,33.542015
1764379135.938429,4205,32.917343
1764379135.977513,4206,33.715233
1764379136.015842,4207,32.913120
1764379136.054115,4208,32.867935
1764379136.092552,4209,32.917217
1764379136.130794,4210,32.682690
1764379136.170108,4211,33.032928
1764379136.208287,4212,32.506561
1764379136.246634,4213,32.819904
1764379136.284859,4214,33.112961
1764379136.322514,4215,32.787136
1764379136.360943,4216,32.946815
1764379136.399542,4217,33.054432
1764379136.437938,4218,32.795265
1764379136.476801,4219,33.282688
1764379136.515049,4220,32.800449
1764379136.553830,4221,32.707233
1764379136.592408,4222,33.013439
1764379136.630576,4223,32.696671
1764379136.669116,4224,33.021538
1764379136.707395,4225,32.716450
1764379136.745473,4226,32.774815
1764379136.783427,4227,32.981697
1764379136.821199,4228,32.686817
1764379136.860081,4229,33.502911
1764379136.898977,4230,33.419842
1764379136.937793,4231,32.749249
1764379136.975992,4232,32.810688
1764379137.014272,4233,32.862305
1764379137.052427,4234,32.773823
1764379137.090725,4235,32.818562
1764379137.128987,4236,32.740032
1764379137.167196,4237,32.666111
1764379137.205824,4238,33.016415
1764379137.244216,4239,32.696831
1764379137.282750,4240,32.965313
1764379137.322012,4241,33.157761
1764379137.363137,4242,35.999424
1764379137.401045,4243,32.771744
1764379137.439540,4244,32.801472
1764379137.478154,4245,33.013248
1764379137.517061,4246,33.303104
1764379137.555367,4247,32.806591
1764379137.593935,4248,32.988895
1764379137.632491,4249,33.167328
1764379137.670670,4250,32.800385
1764379137.709555,4251,32.736130
1764379137.747645,4252,32.888416
1764379137.785397,4253,32.767681
1764379137.823754,4254,33.093346
1764379137.862109,4255,32.725857
1764379137.901281,4256,33.584030
1764379137.939413,4257,32.690880
1764379137.977585,4258,32.759487
1764379138.016076,4259,32.942783
1764379138.054649,4260,33.125473
1764379138.093899,4261,33.077087
1764379138.132051,4262,32.893631
1764379138.170086,4263,32.777950
1764379138.208401,4264,32.786079
1764379138.247070,4265,33.204865
1764379138.286143,4266,33.561569
1764379138.324305,4267,32.737984
1764379138.362397,4268,32.714462
1764379138.400640,4269,32.859840
1764379138.439017,4270,33.102528
1764379138.477218,4271,32.643936
1764379138.515094,4272,32.643646
1764379138.554014,4273,33.504383
1764379138.592947,4274,33.523201
1764379138.631138,4275,32.792255
1764379138.669691,4276,32.981697
1764379138.707827,4277,32.787136
1764379138.746309,4278,32.857792
1764379138.784660,4279,33.222591
1764379138.822705,4280,33.033855
1764379138.861187,4281,32.694977
1764379138.899560,4282,32.862785
1764379138.937757,4283,32.729408
1764379138.975906,4284,32.785954
1764379139.014092,4285,32.723488
1764379139.052483,4286,32.828094
1764379139.090706,4287,32.844639
1764379139.128715,4288,32.877567
1764379139.167193,4289,33.188545
1764379139.205834,4290,33.089600
1764379139.244703,4291,32.801472
1764379139.283343,4292,33.063618
1764379139.321691,4293,32.741215
1764379139.359838,4294,32.852673
1764379139.397413,4295,32.690880
1764379139.435173,4296,32.814751
1764379139.473284,4297,32.703167
1764379139.511580,4298,32.894718
1764379139.550064,4299,32.888802
1764379139.589507,4300,33.873280
1764379139.628506,4301,32.934593
1764379139.666683,4302,32.641537
1764379139.705597,4303,33.321697
1764379139.743707,4304,32.848576
1764379139.781727,4305,32.840385
1764379139.819578,4306,33.042145
1764379139.857291,4307,32.690880
1764379139.894929,4308,32.580288
1764379139.934023,4309,33.545025
1764379139.972207,4310,32.712383
1764379140.010957,4311,33.181278
1764379140.049018,4312,32.817345
1764379140.087944,4313,33.499840
1764379140.126201,4314,32.847424
1764379140.165326,4315,33.771458
1764379140.203676,4316,32.913952
1764379140.242285,4317,33.150658
1764379140.280671,4318,32.968353
1764379140.319033,4319,32.987873
1764379140.357682,4320,33.032928
1764379140.396830,4321,33.026752
1764379140.435310,4322,32.931744
1764379140.473710,4323,32.967201
1764379140.511724,4324,32.862911
1764379140.549351,4325,32.732864
1764379140.587362,4326,32.932480
1764379140.626470,4327,33.611458
1764379140.665557,4328,33.554977
1764379140.703764,4329,32.831264
1764379140.742281,4330,33.025440
1764379140.781477,4331,33.103554
1764379140.819853,4332,32.850559
1764379140.857878,4333,32.905823
1764379140.895647,4334,32.694912
1764379140.933839,4335,32.764576
1764379140.972814,4336,33.606335
1764379141.012130,4337,33.748161
1764379141.050502,4338,32.965183
1764379141.089005,4339,33.119873
1764379141.127430,4340,32.896706
1764379141.166625,4341,33.111904
1764379141.205270,4342,33.139679
1764379141.243704,4343,32.967361
1764379141.282151,4344,33.062687
1764379141.320764,4345,33.237728
1764379141.359543,4346,33.197662
1764379141.398067,4347,32.988705
1764379141.436270,4348,32.917088
1764379141.473916,4349,32.805634
1764379141.516471,4350,37.497566
1764379141.556509,4351,33.899776
1764379141.595285,4352,33.275360
1764379141.633765,4353,33.065632
1764379141.672513,4354,33.192513
1764379141.711234,4355,33.232414
1764379141.749822,4356,32.951839
1764379141.788651,4357,33.441856
1764379141.827000,4358,32.964287
1764379141.865000,4359,32.865410
1764379141.902541,4360,32.712383
1764379141.941365,4361,33.026752
1764379141.980546,4362,33.630878
1764379142.019840,4363,33.655617
1764379142.058791,4364,33.347233
1764379142.097705,4365,33.337025
1764379142.135853,4366,32.916161
1764379142.174135,4367,33.045185
1764379142.212690,4368,33.178528
1764379142.251277,4369,33.204449
1764379142.289940,4370,33.083073
1764379142.329239,4371,33.269470
1764379142.367662,4372,32.974720
1764379142.406442,4373,33.307713
1764379142.444853,4374,32.922302
1764379142.483448,4375,33.066593
1764379142.521882,4376,32.986847
1764379142.560291,4377,33.000130
1764379142.599043,4378,33.145504
1764379142.637422,4379,32.967361
1764379142.675745,4380,32.963074
1764379142.715054,4381,33.096256
1764379142.753609,4382,32.988865
1764379142.792505,4383,33.173824
1764379142.831195,4384,33.292992
1764379142.869993,4385,33.243809
1764379142.908205,4386,32.948257
1764379142.946703,4387,33.354431
1764379142.986101,4388,34.009312
1764379143.024781,4389,33.092319
1764379143.063303,4390,32.960194
1764379143.102565,4391,33.093311
1764379143.140609,4392,32.949951
1764379143.178964,4393,33.100929
1764379143.216990,4394,32.864990
1764379143.254665,4395,32.850624
1764379143.292966,4396,33.070786
1764379143.331739,4397,33.153728
1764379143.370969,4398,33.780415
1764379143.410032,4399,33.614529
1764379143.486242,4400,70.804893
1764379143.525481,4401,33.061569
1764379143.563704,4402,32.980545
1764379143.601411,4403,32.869057
1764379143.639810,4404,33.177216
1764379143.678269,4405,33.139297
1764379143.716229,4406,32.858814
1764379143.755851,4407,33.943295
1764379143.795018,4408,33.577663
1764379143.834570,4409,33.936066
1764379143.873146,4410,33.160255
1764379143.912258,4411,33.200832
1764379143.950288,4412,32.997887
1764379143.988423,4413,33.059551
1764379144.027071,4414,33.286846
1764379144.065484,4415,33.045151
1764379144.103662,4416,32.845535
1764379144.142514,4417,33.218239
1764379144.182017,4418,34.107071
1764379144.220353,4419,32.947903
1764379144.259125,4420,33.233601
1764379144.298518,4421,33.224449
1764379144.337363,4422,33.440289
1764379144.376066,4423,33.259136
1764379144.414224,4424,32.921280
1764379144.452102,4425,33.047169
1764379144.490105,4426,32.875999
1764379144.529492,4427,33.837566
1764379144.568685,4428,33.594048
1764379144.607461,4429,33.371872
1764379144.646120,4430,33.265343
1764379144.685220,4431,33.020737
1764379144.723968,4432,33.221279
1764379144.763029,4433,33.413857
1764379144.801602,4434,33.257153
1764379144.839447,4435,32.896706
1764379144.878215,4436,33.616482
1764379144.916753,4437,33.125664
1764379144.955175,4438,33.156513
1764379144.993455,4439,32.976578
1764379145.031946,4440,32.954048
1764379145.071241,4441,33.135071
1764379145.109827,4442,33.143490
1764379145.149338,4443,33.956543
1764379145.187703,4444,32.974529
1764379145.225861,4445,33.319393
1764379145.264282,4446,33.179329
1764379145.303281,4447,33.428223
1764379145.342793,4448,34.079456
1764379145.380954,4449,33.009377
1764379145.419385,4450,33.119938
1764379145.458726,4451,33.052353
1764379145.497161,4452,33.064575
1764379145.536506,4453,33.947647
1764379145.574913,4454,33.180351
1764379145.613056,4455,33.160992
1764379145.651956,4456,33.695393
1764379145.691069,4457,33.708706
1764379145.730051,4458,33.398464
1764379145.768659,4459,33.116032
1764379145.806938,4460,33.143490
1764379145.845803,4461,33.006721
1764379145.884433,4462,33.110722
1764379145.922875,4463,33.052353
1764379145.961084,4464,33.016254
1764379145.999153,4465,33.231522
1764379146.037240,4466,33.004063
1764379146.076615,4467,33.791649
1764379146.115460,4468,33.303230
1764379146.154478,4469,33.533760
1764379146.197387,4470,37.643967
1764379146.236263,4471,33.000095
1764379146.274785,4472,33.148575
1764379146.313506,4473,33.572384
1764379146.351407,4474,33.043137
1764379146.389377,4475,33.015938
1764379146.427932,4476,33.285824
1764379146.467026,4477,33.499840
1764379146.506411,4478,33.908352
1764379146.545053,4479,33.227810
1764379146.584571,4480,34.134689
1764379146.624082,4481,33.229408
1764379146.663300,4482,33.632927
1764379146.702393,4483,33.485184
1764379146.740919,4484,33.235649
1764379146.779395,4485,33.513088
1764379146.817547,4486,33.041950
1764379146.856194,4487,33.220352
1764379146.895439,4488,33.813183
1764379146.933964,4489,33.092640
1764379146.972450,4490,33.097378
1764379147.011560,4491,33.078911
1764379147.049783,4492,33.138401
1764379147.088466,4493,33.294975
1764379147.127045,4494,33.017311
1764379147.165407,4495,33.219265
1764379147.204369,4496,33.861313
1764379147.243485,4497,33.596096
1764379147.282260,4498,33.323296
1764379147.320827,4499,33.197697
1764379147.360320,4500,34.095806
1764379147.399759,4501,33.351295
1764379147.438475,4502,33.170879
1764379147.477449,4503,33.413822
1764379147.516073,4504,33.499809
1764379147.554160,4505,33.106209
1764379147.592581,4506,33.147552
1764379147.632055,4507,33.959297
1764379147.670960,4508,33.450527
1764379147.710560,4509,34.083874
1764379147.749297,4510,33.215137
1764379147.788796,4511,33.413822
1764379147.827502,4512,33.221313
1764379147.866338,4513,33.410496
1764379147.905089,4514,33.485695
1764379147.943118,4515,33.164703
1764379147.981247,4516,33.024704
1764379148.020110,4517,33.585793
1764379148.058504,4518,33.124065
1764379148.097984,4519,34.087746
1764379148.137297,4520,33.885727
1764379148.176514,4521,33.113697
1764379148.215470,4522,33.402466
1764379148.254438,4523,33.509026
1764379148.293321,4524,33.560543
1764379148.331364,4525,33.043041
1764379148.370415,4526,33.806946
1764379148.410083,4527,34.091743
1764379148.448895,4528,33.494720
1764379148.487291,4529,33.188480
1764379148.525817,4530,33.118942
1764379148.565156,4531,33.280704
1764379148.604742,4532,34.200256
1764379148.644146,4533,33.847935
1764379148.682917,4534,33.476223
1764379148.721065,4535,33.178783
1764379148.759678,4536,33.519295
1764379148.799264,4537,34.117153
1764379148.838871,4538,34.035297
1764379148.877377,4539,33.371647
1764379148.915963,4540,33.469055
1764379148.955467,4541,33.314495
1764379148.994340,4542,33.376991
1764379149.032898,4543,33.400543
1764379149.070657,4544,32.942688
1764379149.108495,4545,33.028896
1764379149.146728,4546,32.952927
1764379149.186417,4547,34.266850
1764379149.225920,4548,34.075329
1764379149.264793,4549,33.315521
1764379149.303820,4550,33.505985
1764379149.343574,4551,33.567455
1764379149.382425,4552,33.381088
1764379149.421351,4553,33.370815
1764379149.459768,4554,33.118912
1764379149.498262,4555,33.512127
1764379149.536481,4556,33.148800
1764379149.575178,4557,33.314560
1764379149.614547,4558,33.922688
1764379149.654018,4559,33.905342
1764379149.693370,4560,33.752769
1764379149.732945,4561,33.319679
1764379149.771734,4562,33.380001
1764379149.810589,4563,33.380032
1764379149.848996,4564,33.286625
1764379149.887304,4565,33.286816
1764379149.925523,4566,32.968193
1764379149.964527,4567,33.468063
1764379150.004197,4568,34.210625
1764379150.043484,4569,33.745567
1764379150.082110,4570,33.317570
1764379150.121537,4571,33.407745
1764379150.160467,4572,33.396446
1764379150.199886,4573,33.951488
1764379150.239228,4574,33.780415
1764379150.277897,4575,33.374081
1764379150.316642,4576,33.468193
1764379150.355580,4577,33.371841
1764379150.395210,4578,33.964737
1764379150.434746,4579,34.088768
1764379150.473360,4580,33.444546
1764379150.512115,4581,33.167263
1764379150.550750,4582,33.371742
1764379150.590327,4583,34.148991
1764379150.628975,4584,33.246910
1764379150.667445,4585,33.214081
1764379150.705869,4586,33.086304
1764379150.749063,4587,37.781281
1764379150.788554,4588,33.885887
1764379150.827650,4589,33.681087
1764379150.866673,4590,33.404671
1764379150.906080,4591,33.462914
1764379150.944820,4592,33.592224
1764379150.983428,4593,33.264446
1764379151.022345,4594,33.471169
1764379151.060940,4595,33.476704
1764379151.099022,4596,33.239742
1764379151.137094,4597,33.246624
1764379151.175245,4598,33.092289
1764379151.214059,4599,33.443550
1764379151.290165,4600,70.573761
1764379151.330420,4601,34.084545
1764379151.368800,4602,33.248928
1764379151.407153,4603,33.242817
1764379151.445851,4604,33.270367
1764379151.484502,4605,33.315521
1764379151.523627,4606,33.686047
1764379151.562488,4607,33.442818
1764379151.601547,4608,33.501888
1764379151.641305,4609,34.059071
1764379151.680929,4610,34.032417
1764379151.720518,4611,33.455551
1764379151.759315,4612,33.463615
1764379151.798253,4613,33.484222
1764379151.836682,4614,33.313473
1764379151.874817,4615,33.219425
1764379151.913757,4616,33.848991
1764379151.952523,4617,33.362625
1764379151.991929,4618,33.922081
1764379152.030877,4619,33.551041
1764379152.069765,4620,33.292927
1764379152.108787,4621,33.240799
1764379152.146900,4622,33.267391
1764379152.185184,4623,33.209217
1764379152.224166,4624,33.401535
1764379152.262794,4625,33.302017
1764379152.302245,4626,34.324192
1764379152.341206,4627,33.404610
1764379152.380790,4628,34.046658
1764379152.419761,4629,33.587135
1764379152.458913,4630,33.530560
1764379152.498918,4631,33.717823
1764379152.538149,4632,33.805088
1764379152.577028,4633,33.308319
1764379152.616580,4634,33.939102
1764379152.655643,4635,33.482433
1764379152.694734,4636,33.648064
1764379152.734002,4637,33.871391
1764379152.773113,4638,33.383488
1764379152.812704,4639,33.879745
1764379152.851847,4640,33.636448
1764379152.891401,4641,33.473217
1764379152.930410,4642,33.590912
1764379152.969559,4643,33.613792
1764379153.008955,4644,33.826496
1764379153.048186,4645,33.822399
1764379153.087119,4646,33.521183
1764379153.125890,4647,33.619678
1764379153.164023,4648,33.288063
1764379153.202668,4649,33.449570
1764379153.242295,4650,34.245342
1764379153.282482,4651,34.082527
1764379153.321395,4652,33.521343
1764379153.360927,4653,34.006207
1764379153.399762,4654,33.433281
1764379153.438738,4655,33.523392
1764379153.477656,4656,33.355457
1764379153.516942,4657,33.716705
1764379153.556091,4658,33.737377
1764379153.595297,4659,33.802849
1764379153.634540,4660,33.682114
1764379153.674405,4661,33.802849
1764379153.713805,4662,33.821728
1764379153.753060,4663,33.672897
1764379153.792022,4664,33.662655
1764379153.830340,4665,33.464802
1764379153.871376,4666,36.216545
1764379153.910459,4667,33.637089
1764379153.949191,4668,33.345154
1764379153.988832,4669,34.259583
1764379154.028050,4670,33.602112
1764379154.068888,4671,34.440289
1764379154.107745,4672,33.432255
1764379154.146740,4673,33.670849
1764379154.185294,4674,33.592289
1764379154.223775,4675,33.379169
1764379154.263701,4676,34.277950
1764379154.303561,4677,34.268864
1764379154.343335,4678,34.198238
1764379154.382651,4679,33.796768
1764379154.421659,4680,33.582912
1764379154.461236,4681,33.508034
1764379154.500151,4682,33.510078
1764379154.539498,4683,33.768127
1764379154.578847,4684,33.780415
1764379154.618218,4685,33.947456
1764379154.657269,4686,33.652416
1764379154.696232,4687,33.558208
1764379154.735394,4688,33.735359
1764379154.774792,4689,33.750721
1764379154.814409,4690,34.029247
1764379154.854558,4691,33.917633
1764379154.893595,4692,33.456833
1764379154.933074,4693,33.907455
1764379154.971939,4694,33.538689
1764379155.010329,4695,33.489601
1764379155.049450,4696,34.046658
1764379155.088581,4697,33.736416
1764379155.131230,4698,37.128990
1764379155.170775,4699,34.219231
1764379155.209554,4700,33.720001
1764379155.248921,4701,33.441471
1764379155.288940,4702,34.282143
1764379155.329007,4703,34.681538
1764379155.367899,4704,33.604160
1764379155.406025,4705,33.291969
1764379155.444572,4706,33.481472
1764379155.484112,4707,34.138817
1764379155.523162,4708,33.650368
1764379155.562238,4709,33.589184
1764379155.601174,4710,33.562050
1764379155.641174,4711,33.731262
1764379155.679993,4712,33.421951
1764379155.719380,4713,33.848034
1764379155.758201,4714,33.615551
1764379155.796812,4715,33.475327
1764379155.835797,4716,33.757568
1764379155.874552,4717,33.599743
1764379155.913080,4718,33.421024
1764379155.952009,4719,33.557087
1764379155.991057,4720,33.575039
1764379156.031931,4721,34.552799
1764379156.071865,4722,34.532383
1764379156.110905,4723,33.621567
1764379156.149814,4724,33.480640
1764379156.188557,4725,33.641056
1764379156.227130,4726,33.501888
1764379156.265750,4727,33.491936
1764379156.305500,4728,34.364098
1764379156.345140,4729,33.962624
1764379156.385267,4730,34.535137
1764379156.425145,4731,33.668095
1764379156.464187,4732,33.617599
1764379156.503568,4733,33.792706
1764379156.542770,4734,33.550976
1764379156.582300,4735,34.152256
1764379156.621356,4736,33.718624
1764379156.660711,4737,33.797695
1764379156.699980,4738,33.713856
1764379156.739127,4739,33.704193
1764379156.778167,4740,33.612511
1764379156.818284,4741,34.002434
1764379156.857201,4742,33.526402
1764379156.896513,4743,33.905342
1764379156.935686,4744,33.670975
1764379156.975012,4745,33.905312
1764379157.014130,4746,33.594624
1764379157.053295,4747,33.592033
1764379157.092638,4748,33.952766
1764379157.131527,4749,33.533630
1764379157.170867,4750,33.908417
1764379157.210478,4751,33.761986
1764379157.249277,4752,33.825474
1764379157.288244,4753,33.700096
1764379157.328045,4754,34.232960
1764379157.367306,4755,33.864384
1764379157.406355,4756,33.573406
1764379157.445664,4757,33.877728
1764379157.485149,4758,33.906368
1764379157.525005,4759,34.470592
1764379157.564631,4760,34.076286
1764379157.604537,4761,33.744576
1764379157.643700,4762,33.684063
1764379157.682921,4763,33.797760
1764379157.722562,4764,34.089695
1764379157.761854,4765,33.743614
1764379157.801481,4766,34.077888
1764379157.841630,4767,34.626240
1764379157.880963,4768,33.768127
1764379157.920635,4769,34.097855
1764379157.960020,4770,33.868446
1764379158.000215,4771,33.860321
1764379158.039743,4772,34.135777
1764379158.078987,4773,33.827358
1764379158.117843,4774,33.652096
1764379158.156546,4775,33.683041
1764379158.195998,4776,34.347614
1764379158.235771,4777,34.412159
1764379158.274614,4778,33.700256
1764379158.313510,4779,33.723167
1764379158.353410,4780,34.371296
1764379158.394390,4781,34.765442
1764379158.433764,4782,33.837727
1764379158.473320,4783,34.009857
1764379158.512561,4784,33.793663
1764379158.551321,4785,33.932991
1764379158.590109,4786,33.547970
1764379158.629843,4787,34.368225
1764379158.669309,4788,34.071262
1764379158.709678,4789,34.677761
1764379158.749384,4790,34.133633
1764379158.789373,4791,33.786560
1764379158.829472,4792,34.556576
1764379158.869003,4793,34.032959
1764379158.908001,4794,33.865410
1764379158.946913,4795,33.944225
1764379158.985618,4796,33.781441
1764379159.025614,4797,34.776192
1764379159.066053,4798,34.685249
1764379159.105874,4799,34.433697
1764379159.184256,4800,72.956062
1764379159.224160,4801,33.777569
1764379159.263516,4802,34.040382
1764379159.302205,4803,33.706623
1764379159.341077,4804,33.799809
1764379159.380049,4805,33.693314
1764379159.418968,4806,33.816288
1764379159.458464,4807,34.038464
1764379159.497779,4808,33.946335
1764379159.538118,4809,34.826881
1764379159.577621,4810,33.902145
1764379159.617631,4811,33.966751
1764379159.657433,4812,34.400993
1764379159.696886,4813,34.071617
1764379159.735998,4814,33.955521
1764379159.779133,4815,38.276798
1764379159.818108,4816,33.712769
1764379159.858359,4817,34.718433
1764379159.898018,4818,34.053761
1764379159.938097,4819,34.569088
1764379159.977372,4820,33.837761
1764379160.017441,4821,33.974560
1764379160.056672,4822,33.803967
1764379160.096080,4823,34.009792
1764379160.134999,4824,33.707104
1764379160.173656,4825,33.820385
1764379160.212515,4826,33.649345
1764379160.252244,4827,34.361984
1764379160.292153,4828,34.515617
1764379160.331166,4829,33.841824
1764379160.370702,4830,34.431679
1764379160.411242,4831,34.454208
1764379160.450613,4832,33.827583
1764379160.489823,4833,33.825855
1764379160.528942,4834,34.022209
1764379160.567647,4835,33.845951
1764379160.606367,4836,33.643200
1764379160.645705,4837,33.819328
1764379160.685104,4838,33.885792
1764379160.725144,4839,34.650848
1764379160.765297,4840,34.591358
1764379160.805287,4841,33.897312
1764379160.844708,4842,34.056255
1764379160.884163,4843,33.943710
1764379160.923115,4844,33.775070
1764379160.961823,4845,33.746078
1764379161.000297,4846,33.655487
1764379161.039784,4847,34.424446
1764379161.079093,4848,33.799809
1764379161.119025,4849,34.482880
1764379161.158927,4850,34.488960
1764379161.198917,4851,33.880768
1764379161.238150,4852,33.775520
1764379161.277496,4853,33.963936
1764379161.316628,4854,33.829346
1764379161.355095,4855,33.651329
1764379161.393884,4856,33.703552
1764379161.433144,4857,33.880096
1764379161.473285,4858,34.747967
1764379161.513572,4859,34.753216
1764379161.552684,4860,33.726143
1764379161.592915,4861,34.056896
1764379161.632207,4862,33.892864
1764379161.671641,4863,34.009762
1764379161.711228,4864,33.991390
1764379161.750712,4865,34.075294
1764379161.790096,4866,33.888897
1764379161.829621,4867,34.168671
1764379161.868936,4868,33.921726
1764379161.908170,4869,33.869537
1764379161.947502,4870,33.936161
1764379161.987825,4871,34.149151
1764379162.027519,4872,34.170498
1764379162.066915,4873,33.963711
1764379162.106323,4874,33.844929
1764379162.145668,4875,33.935040
1764379162.185114,4876,34.078465
1764379162.224743,4877,34.015102
1764379162.264028,4878,33.867455
1764379162.303417,4879,34.002625
1764379162.342424,4880,33.799873
1764379162.381725,4881,33.754719
1764379162.421435,4882,34.475712
1764379162.461390,4883,34.542271
1764379162.501413,4884,34.634464
1764379162.540989,4885,34.140034
1764379162.580384,4886,33.987263
1764379162.619688,4887,33.906303
1764379162.659413,4888,34.325214
1764379162.698751,4889,33.853119
1764379162.738236,4890,34.077599
1764379162.778461,4891,34.165630
1764379162.817660,4892,33.807041
1764379162.857167,4893,34.136768
1764379162.896385,4894,34.061825
1764379162.935117,4895,33.832481
1764379162.974624,4896,34.432705
1764379163.014787,4897,34.760353
1764379163.054104,4898,33.904449
1764379163.093435,4899,33.966625
1764379163.132882,4900,34.041409
1764379163.173505,4901,34.438816
1764379163.213057,4902,34.152416
1764379163.252760,4903,34.175678
1764379163.292347,4904,34.070911
1764379163.331825,4905,33.871391
1764379163.371126,4906,34.049728
1764379163.409860,4907,33.883839
1764379163.449625,4908,34.701954
1764379163.489873,4909,34.810337
1764379163.529198,4910,33.928864
1764379163.569435,4911,33.980991
1764379163.609624,4912,34.753376
1764379163.649098,4913,34.066048
1764379163.688284,4914,33.902271
1764379163.726995,4915,33.911488
1764379163.765872,4916,33.815426
1764379163.806085,4917,34.813793
1764379163.846358,4918,34.690495
1764379163.885870,4919,33.952385
1764379163.925321,4920,34.092960
1764379163.965518,4921,34.159489
1764379164.005850,4922,34.750145
1764379164.044971,4923,34.004639
1764379164.083698,4924,33.902206
1764379164.122630,4925,34.054081
1764379164.161811,4926,33.859550
1764379164.202110,4927,34.664062
1764379164.241451,4928,33.924801
1764379164.281436,4929,34.604992
1764379164.321206,4930,34.200256
1764379164.361516,4931,34.028225
1764379164.400856,4932,33.962273
1764379164.439861,4933,34.164478
1764379164.479251,4934,34.123455
1764379164.518351,4935,33.910465
1764379164.558096,4936,34.677441
1764379164.598471,4937,34.808514
1764379164.638032,4938,34.158207
1764379164.677514,4939,34.105312
1764379164.720741,4940,37.695168
1764379164.761912,4941,34.762878
1764379164.801659,4942,34.346687
1764379164.841562,4943,34.330784
1764379164.880624,4944,33.926785
1764379164.919647,4945,34.047810
1764379164.959033,4946,34.124928
1764379164.999347,4947,34.693855
1764379165.039781,4948,34.826942
1764379165.079568,4949,34.218689
1764379165.119221,4950,34.233025
1764379165.159650,4951,34.265182
1764379165.199607,4952,34.298561
1764379165.239336,4953,34.132641
1764379165.278812,4954,34.188961
1764379165.317958,4955,34.135742
1764379165.357305,4956,34.149536
1764379165.396716,4957,34.023327
1764379165.435780,4958,33.984482
1764379165.474864,4959,33.985214
1764379165.514565,4960,34.297535
1764379165.555632,4961,34.894463
1764379165.595959,4962,34.827042
1764379165.635683,4963,34.321087
1764379165.674843,4964,34.014271
1764379165.713760,4965,34.084480
1764379165.753742,4966,34.800510
1764379165.793545,4967,34.202080
1764379165.834145,4968,35.133121
1764379165.873592,4969,34.046593
1764379165.913282,4970,34.288479
1764379165.953786,4971,34.297535
1764379165.993660,4972,34.467457
1764379166.033395,4973,34.201248
1764379166.072890,4974,34.245472
1764379166.111991,4975,34.130623
1764379166.151855,4976,34.719425
1764379166.192457,4977,34.964161
1764379166.232691,4978,34.816639
1764379166.272532,4979,34.134560
1764379166.312296,4980,34.305473
1764379166.352562,4981,34.295456
1764379166.391410,4982,34.018017
1764379166.430974,4983,34.095776
1764379166.470497,4984,34.368320
1764379166.509827,4985,34.187969
1764379166.548799,4986,33.886879
1764379166.588408,4987,34.088608
1764379166.628669,4988,34.824928
1764379166.669019,4989,34.941631
1764379166.708847,4990,34.159294
1764379166.749086,4991,34.149055
1764379166.788840,4992,34.052799
1764379166.828460,4993,34.265793
1764379166.867835,4994,34.174591
1764379166.906765,4995,33.934017
1764379166.946156,4996,34.327358
1764379166.985640,4997,34.093601
1764379167.025809,4998,34.598530
1764379167.065471,4999,34.091648
1764379167.142697,5000,72.103615
1764379167.183975,5001,35.161758
1764379167.224266,5002,34.815266
1764379167.264561,5003,34.896866
1764379167.304013,5004,34.171490
1764379167.343108,5005,34.289345
1764379167.382519,5006,34.343616
1764379167.421972,5007,34.068161
1764379167.462277,5008,34.917984
1764379167.501538,5009,34.096832
1764379167.541120,5010,34.320030
1764379167.582319,5011,34.804417
1764379167.623019,5012,35.278526
1764379167.662736,5013,34.261215
1764379167.702094,5014,34.210495
1764379167.741458,5015,34.390911
1764379167.781665,5016,34.799297
1764379167.822345,5017,35.290848
1764379167.862151,5018,34.404034
1764379167.902070,5019,34.437855
1764379167.941670,5020,34.085503
1764379167.982524,5021,34.671230
1764379168.022354,5022,34.424480
1764379168.062181,5023,34.415169
1764379168.101397,5024,34.092735
1764379168.140540,5025,34.157120
1764379168.180768,5026,35.072639
1764379168.220973,5027,34.949825
1764379168.260886,5028,34.207359
1764379168.300677,5029,34.265728
1764379168.340739,5030,34.558334
1764379168.381223,5031,34.519615
1764379168.420250,5032,34.200256
1764379168.459467,5033,33.935390
1764379168.499628,5034,34.984638
1764379168.538889,5035,34.369217
1764379168.577971,5036,34.012863
1764379168.617604,5037,34.243328
1764379168.657245,5038,34.217857
1764379168.697788,5039,35.114689
1764379168.737591,5040,34.232960
1764379168.778017,5041,34.254143
1764379168.817949,5042,34.378368
1764379168.858121,5043,34.662079
1764379168.897680,5044,34.279041
1764379168.936624,5045,34.115425
1764379168.975796,5046,33.953442
1764379169.016385,5047,35.152672
1764379169.056571,5048,34.793087
1764379169.097273,5049,35.108608
1764379169.137033,5050,34.241184
1764379169.177271,5051,34.170815
1764379169.216249,5052,34.149055
1764379169.255355,5053,34.034466
1764379169.294971,5054,34.102943
1764379169.334669,5055,34.379585
1764379169.374961,5056,35.214016
1764379169.414922,5057,34.364098
1764379169.454440,5058,34.080353
1764379169.494774,5059,34.825920
1764379169.534428,5060,34.489025
1764379169.574759,5061,34.367199
1764379169.614449,5062,34.312897
1764379169.654680,5063,34.813633
1764379169.694231,5064,34.142784
1764379169.733865,5065,34.414047
1764379169.774103,5066,35.008350
1764379169.813993,5067,34.324257
1764379169.854744,5068,35.210945
1764379169.894725,5069,34.505375
1764379169.934472,5070,34.325089
1764379169.974853,5071,34.280128
1764379170.015008,5072,34.624065
1764379170.054846,5073,34.425537
1764379170.094557,5074,34.422657
1764379170.134045,5075,34.293503
1764379170.177489,5076,38.225601
1764379170.217956,5077,34.883102
1764379170.258682,5078,35.199650
1764379170.298748,5079,34.683521
1764379170.338607,5080,34.429630
1764379170.379058,5081,34.331329
1764379170.418815,5082,34.335457
1764379170.458700,5083,34.484032
1764379170.498183,5084,34.233025
1764379170.537285,5085,34.266590
1764379170.576078,5086,33.988449
1764379170.616060,5087,34.926273
1764379170.656766,5088,35.117889
1764379170.697362,5089,34.931297
1764379170.737226,5090,34.468575
1764379170.777916,5091,34.474720
1764379170.818129,5092,34.470497
1764379170.858053,5093,34.383648
1764379170.897465,5094,34.262718
1764379170.936421,5095,34.121376
1764379170.975817,5096,34.229954
1764379171.016426,5097,35.045055
1764379171.056976,5098,34.955231
1764379171.096974,5099,34.590401
1764379171.136672,5100,34.148033
1764379171.177182,5101,34.319138
1764379171.217304,5102,34.406815
1764379171.257150,5103,34.439617
1764379171.296974,5104,34.557217
1764379171.336248,5105,34.295391
1764379171.375458,5106,34.054817
1764379171.415065,5107,34.185986
1764379171.455411,5108,34.917023
1764379171.495238,5109,34.273952
1764379171.534887,5110,34.217663
1764379171.574936,5111,34.135742
1764379171.614600,5112,34.534081
1764379171.654446,5113,34.277058
1764379171.694812,5114,34.977470
1764379171.734089,5115,34.167488
1764379171.773449,5116,34.254814
1764379171.813919,5117,35.066559
1764379171.853757,5118,34.432610
1764379171.893270,5119,34.138817
1764379171.933211,5120,34.573345
1764379171.973455,5121,34.169537
1764379172.013575,5122,34.730721
1764379172.053288,5123,34.282177
1764379172.093246,5124,34.551777
1764379172.132790,5125,34.128448
1764379172.172441,5126,34.277058
1764379172.212030,5127,34.237152
1764379172.251414,5128,34.285278
1764379172.291871,5129,34.975426
1764379172.331624,5130,34.296513
1764379172.372161,5131,34.374527
1764379172.412083,5132,34.369122
1764379172.451993,5133,34.432640
1764379172.491723,5134,34.307713
1764379172.531739,5135,34.543297
1764379172.571383,5136,34.235039
1764379172.610777,5137,34.226879
1764379172.649976,5138,34.054848
1764379172.690513,5139,35.159103
1764379172.730282,5140,34.216640
1764379172.771358,5141,34.981602
1764379172.811333,5142,34.533119
1764379172.851258,5143,34.474655
1764379172.890629,5144,34.211521
1764379172.929854,5145,34.282688
1764379172.969809,5146,34.862785
1764379173.010338,5147,35.127041
1764379173.050072,5148,34.180801
1764379173.089917,5149,34.458401
1764379173.129643,5150,34.195103
1764379173.170301,5151,34.593472
1764379173.209869,5152,34.150082
1764379173.249626,5153,34.422722
1764379173.288915,5154,34.185921
1764379173.328026,5155,34.283199
1764379173.367265,5156,34.113152
1764379173.407825,5157,35.168896
1764379173.448419,5158,34.945568
1764379173.488087,5159,34.272961
1764379173.527899,5160,34.367168
1764379173.568518,5161,34.365055
1764379173.607944,5162,34.204929
1764379173.646836,5163,34.069344
1764379173.687149,5164,35.177185
1764379173.726603,5165,34.298496
1764379173.766792,5166,35.013184
1764379173.806462,5167,34.226849
1764379173.846278,5168,34.451008
1764379173.886101,5169,34.275009
1764379173.926054,5170,34.554497
1764379173.966545,5171,34.294304
1764379174.006588,5172,34.634369
1764379174.046275,5173,34.282242
1764379174.085850,5174,34.457214
1764379174.124861,5175,34.159294
1764379174.164178,5176,34.225857
1764379174.204645,5177,34.981503
1764379174.245072,5178,35.014336
1764379174.284715,5179,34.243263
1764379174.323753,5180,34.187935
1764379174.364189,5181,34.576126
1764379174.403992,5182,34.241184
1764379174.444492,5183,35.032318
1764379174.483971,5184,34.336449
1764379174.523229,5185,34.378494
1764379174.562314,5186,34.030273
1764379174.602776,5187,35.057377
1764379174.642211,5188,34.263649
1764379174.681705,5189,34.398975
1764379174.721524,5190,34.236000
1764379174.762756,5191,35.133057
1764379174.802637,5192,34.321152
1764379174.842590,5193,34.579136
1764379174.881938,5194,34.225857
1764379174.921293,5195,34.388737
1764379174.961298,5196,34.893440
1764379175.001882,5197,35.184448
1764379175.041511,5198,34.224831
1764379175.082086,5199,35.200642
1764379175.158927,5200,71.441086
1764379175.199504,5201,34.383553
1764379175.239712,5202,34.616863
1764379175.279612,5203,34.430111
1764379175.319443,5204,34.466530
1764379175.358545,5205,34.229984
1764379175.397672,5206,34.063007
1764379175.438406,5207,35.200863
1764379175.478157,5208,34.358974
1764379175.518633,5209,35.110687
1764379175.558511,5210,34.291393
1764379175.599092,5211,34.448097
1764379175.639064,5212,34.386623
1764379175.678586,5213,34.378368
1764379175.721476,5214,37.799618
1764379175.761190,5215,34.303745
1764379175.800569,5216,34.293442
1764379175.841052,5217,35.025566
1764379175.880952,5218,34.501247
1764379175.921557,5219,35.090111
1764379175.962000,5220,34.869919
1764379176.002621,5221,34.500286
1764379176.042664,5222,34.633377
1764379176.082672,5223,34.612766
1764379176.122076,5224,34.273983
1764379176.161423,5225,34.392960
1764379176.201434,5226,34.931358
1764379176.242003,5227,35.166306
1764379176.282190,5228,34.612160
1764379176.322198,5229,34.619072
1764379176.362074,5230,34.334370
1764379176.402646,5231,34.532063
1764379176.442466,5232,34.430561
1764379176.482345,5233,34.331455
1764379176.522282,5234,34.549438
1764379176.562210,5235,34.545406
1764379176.602459,5236,34.711166
1764379176.642435,5237,34.390270
1764379176.682136,5238,34.448895
1764379176.721369,5239,34.390625
1764379176.760623,5240,34.170593
1764379176.801171,5241,34.323071
1764379176.841376,5242,35.095230
1764379176.880797,5243,34.356094
1764379176.920236,5244,34.276031
1764379176.960592,5245,34.990112
1764379177.000497,5246,34.365025
1764379177.040487,5247,34.518398
1764379177.080318,5248,34.347263
1764379177.120138,5249,34.585442
1764379177.159512,5250,34.292416
1764379177.200219,5251,34.597729
1764379177.240845,5252,35.160706
1764379177.281404,5253,34.997887
1764379177.321404,5254,34.433727
1764379177.361422,5255,34.419521
1764379177.401493,5256,34.522846
1764379177.441669,5257,34.664162
1764379177.481607,5258,34.557632
1764379177.521868,5259,34.522846
1764379177.561926,5260,34.494335
1764379177.602432,5261,34.451073
1764379177.642537,5262,34.711231
1764379177.682401,5263,34.489025
1764379177.722036,5264,34.536129
1764379177.761489,5265,34.335423
1764379177.801966,5266,35.077854
1764379177.842026,5267,34.506081
1764379177.882662,5268,35.230400
1764379177.922618,5269,34.545280
1764379177.962534,5270,34.363106
1764379178.002973,5271,34.366207
1764379178.042841,5272,34.474689
1764379178.083008,5273,34.751007
1764379178.122923,5274,34.506401
1764379178.162798,5275,34.421440
1764379178.202781,5276,34.593441
1764379178.242725,5277,34.524864
1764379178.282874,5278,34.550465
1764379178.322716,5279,34.439102
1764379178.362697,5280,34.599552
1764379178.403344,5281,34.581730
1764379178.443102,5282,34.343616
1764379178.483057,5283,34.355904
1764379178.522933,5284,34.468544
1764379178.562835,5285,34.501503
1764379178.602733,5286,34.478817
1764379178.642806,5287,34.518658
1764379178.682956,5288,34.617058
1764379178.722680,5289,34.583199
1764379178.761829,5290,34.323135
1764379178.801963,5291,34.360386
1764379178.842611,5292,35.290623
1764379178.883396,5293,35.230431
1764379178.923256,5294,34.426559
1764379178.963052,5295,34.371071
1764379179.003064,5296,34.571903
1764379179.043122,5297,34.654625
1764379179.083068,5298,34.539009
1764379179.123448,5299,34.742977
1764379179.163381,5300,34.610882
1764379179.203793,5301,34.420418
1764379179.244562,5302,35.375614
1764379179.285249,5303,35.296928
1764379179.325216,5304,34.688641
1764379179.364673,5305,34.462143
1764379179.405123,5306,35.155266
1764379179.445132,5307,34.855583
1764379179.484737,5308,34.342751
1764379179.524770,5309,34.500481
1764379179.565495,5310,35.203457
1764379179.606278,5311,34.729664
1764379179.646378,5312,34.695873
1764379179.686836,5313,34.921150
1764379179.726990,5314,34.574272
1764379179.766756,5315,34.607841
1764379179.806344,5316,34.474689
1764379179.846467,5317,34.586304
1764379179.887434,5318,35.383999
1764379179.927768,5319,34.723518
1764379179.968638,5320,35.455681
1764379180.009500,5321,34.657986
1764379180.050432,5322,35.339008
1764379180.090518,5323,34.666176
1764379180.130587,5324,34.536129
1764379180.171101,5325,35.143360
1764379180.211166,5326,34.627232
1764379180.251454,5327,34.700066
1764379180.291927,5328,34.847424
1764379180.332138,5329,34.738880
1764379180.372408,5330,34.791103
1764379180.413055,5331,34.597569
1764379180.453284,5332,34.637409
1764379180.493595,5333,34.761410
1764379180.534369,5334,35.228287
1764379180.574664,5335,34.749058
1764379180.614932,5336,34.889343
1764379180.655095,5337,34.642529
1764379180.695400,5338,34.836159
1764379180.735568,5339,34.751167
1764379180.775470,5340,34.639519
1764379180.815697,5341,34.483871
1764379180.856467,5342,35.698273
1764379180.900976,5343,38.994625
1764379180.941692,5344,35.077824
1764379180.982098,5345,34.716225
1764379181.022412,5346,34.822880
1764379181.062596,5347,34.795326
1764379181.102942,5348,34.900703
1764379181.142958,5349,34.578114
1764379181.183375,5350,34.713280
1764379181.224672,5351,35.084095
1764379181.264761,5352,34.713280
1764379181.304878,5353,34.708160
1764379181.345024,5354,34.598591
1764379181.385333,5355,34.781822
1764379181.425684,5356,34.937534
1764379181.465703,5357,34.611904
1764379181.505883,5358,34.622272
1764379181.546148,5359,34.836159
1764379181.586749,5360,35.091007
1764379181.627768,5361,34.949825
1764379181.667868,5362,34.636543
1764379181.708196,5363,34.710209
1764379181.748448,5364,34.850494
1764379181.788633,5365,34.790497
1764379181.828573,5366,34.741631
1764379181.868500,5367,34.735905
1764379181.909280,5368,35.230335
1764379181.949540,5369,34.842239
1764379181.990493,5370,35.435169
1764379182.031742,5371,34.935490
1764379182.071795,5372,34.643490
1764379182.112166,5373,34.833984
1764379182.152912,5374,35.242527
1764379182.193725,5375,35.247936
1764379182.233687,5376,34.711231
1764379182.273578,5377,34.629696
1764379182.314830,5378,35.674847
1764379182.356003,5379,35.711681
1764379182.396642,5380,35.071678
1764379182.437564,5381,34.690689
1764379182.478141,5382,34.891808
1764379182.518661,5383,34.959042
1764379182.559193,5384,35.131073
1764379182.599659,5385,34.845310
1764379182.639925,5386,34.745026
1764379182.680215,5387,34.829025
1764379182.720290,5388,34.693825
1764379182.760769,5389,34.899551
1764379182.801412,5390,34.917122
1764379182.842110,5391,34.713280
1764379182.881749,5392,34.527969
1764379182.922437,5393,35.330753
1764379182.962869,5394,34.799297
1764379183.003181,5395,34.690750
1764379183.044403,5396,35.591839
1764379183.084819,5397,35.004063
1764379183.125070,5398,34.767902
1764379183.165541,5399,34.893471
1764379183.244953,5400,73.854652
1764379183.286544,5401,35.257854
1764379183.326886,5402,34.745026
1764379183.367122,5403,34.780865
1764379183.407207,5404,34.666080
1764379183.447716,5405,34.991810
1764379183.488239,5406,34.924255
1764379183.528860,5407,34.966240
1764379183.569247,5408,34.836159
1764379183.609662,5409,34.916126
1764379183.649930,5410,34.859711
1764379183.690995,5411,34.829121
1764379183.731219,5412,34.667198
1764379183.771873,5413,35.039936
1764379183.811806,5414,34.762432
1764379183.851225,5415,34.541504
1764379183.890711,5416,34.488865
1764379183.931390,5417,35.456703
1764379183.972050,5418,35.236446
1764379184.012700,5419,35.108543
1764379184.053042,5420,34.808289
1764379184.094034,5421,34.894527
1764379184.134086,5422,34.653694
1764379184.174159,5423,34.700001
1764379184.214361,5424,34.880192
1764379184.254217,5425,34.803391
1764379184.295190,5426,35.774143
1764379184.335696,5427,35.051201
1764379184.376273,5428,35.046082
1764379184.417480,5429,35.565186
1764379184.457800,5430,34.745888
1764379184.499136,5431,35.101376
1764379184.539306,5432,35.008160
1764379184.578803,5433,34.635616
1764379184.618846,5434,34.812286
1764379184.658957,5435,34.815712
1764379184.699006,5436,34.937534
1764379184.740041,5437,35.593857
1764379184.780509,5438,34.860737
1764379184.820858,5439,34.736832
1764379184.860829,5440,34.679649
1764379184.900955,5441,34.534111
1764379184.941751,5442,35.523266
1764379184.982770,5443,35.462849
1764379185.022918,5444,34.700993
1764379185.062793,5445,35.053249
1764379185.102800,5446,34.935490
1764379185.143011,5447,34.809536
1764379185.184017,5448,35.513023
1764379185.224854,5449,35.445503
1764379185.265459,5450,35.015362
1764379185.306803,5451,35.055359
1764379185.347248,5452,34.832256
1764379185.387782,5453,35.130047
1764379185.427644,5454,34.696896
1764379185.467424,5455,34.879456
1764379185.507419,5456,34.716351
1764379185.548424,5457,35.552994
1764379185.589311,5458,35.470978
1764379185.629714,5459,34.865887
1764379185.670268,5460,34.987713
1764379185.711282,5461,34.922176
1764379185.751929,5462,35.066593
1764379185.792578,5463,35.176128
1764379185.832602,5464,34.789055
1764379185.872281,5465,34.713215
1764379185.911856,5466,34.627262
1764379185.951633,5467,34.650818
1764379185.992088,5468,34.966209
1764379186.033436,5469,35.667648
1764379186.074406,5470,35.370495
1764379186.115556,5471,35.007168
1764379186.156033,5472,35.047134
1764379186.196457,5473,34.959042
1764379186.236322,5474,34.755234
1764379186.276129,5475,34.856670
1764379186.316094,5476,34.836128
1764379186.357093,5477,35.521118
1764379186.397542,5478,34.847424
1764379186.437795,5479,34.838047
1764379186.478293,5480,34.938591
1764379186.519630,5481,35.047134
1764379186.560357,5482,35.145409
1764379186.600817,5483,35.041985
1764379186.641239,5484,34.960609
1764379186.681133,5485,34.879906
1764379186.721894,5486,35.670719
1764379186.766757,5487,39.382721
1764379186.807262,5488,34.872002
1764379186.847594,5489,34.903744
1764379186.887889,5490,34.878239
1764379186.928924,5491,35.098400
1764379186.969144,5492,34.863808
1764379187.010410,5493,35.696320
1764379187.050501,5494,34.760414
1764379187.090575,5495,35.234463
1764379187.130664,5496,34.991810
1764379187.170564,5497,34.763454
1764379187.210485,5498,34.785954
1764379187.250917,5499,35.083969
1764379187.292396,5500,35.909218
1764379187.333635,5501,35.206848
1764379187.374053,5502,35.065922
1764379187.414486,5503,34.978497
1764379187.455278,5504,35.439297
1764379187.495751,5505,35.072769
1764379187.536511,5506,35.328705
1764379187.576855,5507,34.971329
1764379187.616964,5508,35.017345
1764379187.656950,5509,34.771839
1764379187.697606,5510,35.142338
1764379187.739527,5511,35.581440
1764379187.780983,5512,35.875008
1764379187.821828,5513,35.272385
1764379187.862286,5514,35.098240
1764379187.902832,5515,34.987713
1764379187.943081,5516,34.987553
1764379187.983151,5517,35.097279
1764379188.023874,5518,35.640766
1764379188.065335,5519,35.952320
1764379188.106484,5520,35.793598
1764379188.147372,5521,34.821823
1764379188.187470,5522,34.972351
1764379188.227294,5523,34.692833
1764379188.267953,5524,35.187298
1764379188.308284,5525,34.938560
1764379188.348861,5526,34.924606
1764379188.389124,5527,35.159744
1764379188.429964,5528,35.581631
1764379188.471376,5529,35.822273
1764379188.512638,5530,35.506882
1764379188.555072,5531,36.201183
1764379188.595735,5532,35.224255
1764379188.636606,5533,35.359360
1764379188.677170,5534,34.995937
1764379188.717682,5535,34.970303
1764379188.758194,5536,35.105473
1764379188.799136,5537,35.345089
1764379188.839477,5538,34.944702
1764379188.880266,5539,35.192513
1764379188.920954,5540,35.208897
1764379188.961778,5541,34.890430
1764379189.001513,5542,34.826942
1764379189.041775,5543,35.017506
1764379189.082338,5544,35.002590
1764379189.123706,5545,35.991234
1764379189.164591,5546,35.440319
1764379189.204798,5547,34.954945
1764379189.244806,5548,34.772671
1764379189.286194,5549,35.675968
1764379189.327631,5550,35.852993
1764379189.369569,5551,35.791519
1764379189.410504,5552,35.380959
1764379189.450997,5553,34.915039
1764379189.491501,5554,35.069633
1764379189.532082,5555,35.150528
1764379189.572722,5556,35.064510
1764379189.613385,5557,35.106434
1764379189.653745,5558,34.939552
1764379189.693529,5559,34.951263
1764379189.734559,5560,35.802814
1764379189.776459,5561,35.419842
1764379189.817825,5562,35.710655
1764379189.858265,5563,35.028866
1764379189.898438,5564,35.060417
1764379189.938145,5565,34.857601
1764379189.978960,5566,35.717823
1764379190.019043,5567,34.847424
1764379190.059618,5568,35.299358
1764379190.099943,5569,34.900673
1764379190.140487,5570,35.088352
1764379190.181649,5571,34.892448
1764379190.222190,5572,35.131264
1764379190.262281,5573,35.243649
1764379190.303080,5574,35.741344
1764379190.343323,5575,34.898624
1764379190.384089,5576,35.619488
1764379190.424546,5577,35.056385
1764379190.465902,5578,35.843582
1764379190.506816,5579,35.291904
1764379190.547512,5580,35.094528
1764379190.589013,5581,35.207775
1764379190.629801,5582,35.239586
1764379190.670649,5583,35.418846
1764379190.711014,5584,35.241665
1764379190.750798,5585,34.804417
1764379190.791831,5586,35.951328
1764379190.832326,5587,35.063488
1764379190.873753,5588,35.898048
1764379190.914498,5589,35.172897
1764379190.955119,5590,35.051201
1764379190.996119,5591,34.911362
1764379191.036336,5592,35.011230
1764379191.076593,5593,35.014240
1764379191.117776,5594,35.645023
1764379191.158120,5595,35.094368
1764379191.198500,5596,35.106495
1764379191.238927,5597,35.009151
1764379191.279225,5598,35.130047
1764379191.319410,5599,35.004097
1764379191.399459,5600,74.576576
1764379191.441386,5601,35.746719
1764379191.482166,5602,35.217953
1764379191.522842,5603,35.078880
1764379191.563455,5604,35.196609
1764379191.604428,5605,35.447136
1764379191.644981,5606,35.017216
1764379191.685837,5607,35.124928
1764379191.726554,5608,35.332737
1764379191.767006,5609,35.070656
1764379191.808012,5610,35.460800
1764379191.853048,5611,38.837536
1764379191.893985,5612,35.369663
1764379191.934501,5613,35.114689
1764379191.975094,5614,35.194561
1764379192.015865,5615,35.164703
1764379192.056275,5616,35.082977
1764379192.096672,5617,35.211071
1764379192.137414,5618,35.091103
1764379192.178950,5619,35.944126
1764379192.219521,5620,35.246815
1764379192.260494,5621,35.009247
1764379192.300735,5622,35.050049
1764379192.340744,5623,35.217056
1764379192.381550,5624,35.721920
1764379192.422266,5625,35.329662
1764379192.462388,5626,34.890465
1764379192.503516,5627,35.754688
1764379192.544349,5628,35.520191
1764379192.585499,5629,35.957409
1764379192.625865,5630,35.099327
1764379192.666473,5631,34.842335
1764379192.707633,5632,35.801601
1764379192.748072,5633,35.200703
1764379192.788606,5634,35.183296
1764379192.828641,5635,34.931358
1764379192.868829,5636,34.926273
1764379192.909817,5637,35.334625
1764379192.950585,5638,35.463425
1764379192.991448,5639,35.767841
1764379193.032217,5640,35.175102
1764379193.073344,5641,35.154625
1764379193.113799,5642,35.307487
1764379193.154666,5643,35.327873
1764379193.195425,5644,35.111423
1764379193.235948,5645,35.014210
1764379193.276990,5646,35.824799
1764379193.316916,5647,35.029758
1764379193.356972,5648,34.807522
1764379193.398386,5649,35.881664
1764379193.440083,5650,36.097569
1764379193.482270,5651,36.100834
1764379193.522923,5652,35.248833
1764379193.563778,5653,35.268383
1764379193.604159,5654,35.193665
1764379193.644006,5655,35.013313
1764379193.685159,5656,36.008640
1764379193.726437,5657,35.877762
1764379193.767771,5658,35.734207
1764379193.808554,5659,35.349182
1764379193.849355,5660,35.306210
1764379193.890726,5661,35.306175
1764379193.931446,5662,35.165665
1764379193.972405,5663,35.382977
1764379194.014113,5664,36.037151
1764379194.054660,5665,35.141247
1764379194.095058,5666,35.104446
1764379194.135075,5667,35.175102
1764379194.175485,5668,35.179104
1764379194.216505,5669,35.604095
1764379194.257867,5670,35.849377
1764379194.299184,5671,35.253952
1764379194.339464,5672,35.088062
1764379194.379831,5673,35.105568
1764379194.421174,5674,35.867935
1764379194.461622,5675,35.051392
1764379194.502920,5676,35.756897
1764379194.543405,5677,35.075680
1764379194.584036,5678,35.179134
1764379194.625063,5679,35.647202
1764379194.665514,5680,34.947777
1764379194.706765,5681,35.062305
1764379194.747287,5682,34.927296
1764379194.787522,5683,35.123745
1764379194.828049,5684,35.384960
1764379194.868277,5685,34.968449
1764379194.909025,5686,35.455585
1764379194.950010,5687,35.593922
1764379194.990816,5688,35.411648
1764379195.031869,5689,35.610241
1764379195.072514,5690,34.977089
1764379195.113562,5691,35.186367
1764379195.153418,5692,34.890751
1764379195.193458,5693,34.975487
1764379195.234989,5694,36.007874
1764379195.275355,5695,34.937534
1764379195.316446,5696,35.645889
1764379195.357502,5697,35.720898
1764379195.397898,5698,34.866848
1764379195.438743,5699,35.484352
1764379195.479138,5700,34.861568
1764379195.520309,5701,35.067650
1764379195.561267,5702,35.519135
1764379195.601676,5703,35.021408
1764379195.642083,5704,34.985088
1764379195.682054,5705,35.137215
1764379195.722759,5706,35.432064
1764379195.764335,5707,36.142879
1764379195.804834,5708,35.038944
1764379195.845382,5709,35.004799
1764379195.886751,5710,35.824097
1764379195.928011,5711,35.102337
1764379195.969017,5712,35.548862
1764379196.009483,5713,35.091137
1764379196.049781,5714,34.929279
1764379196.089810,5715,35.195778
1764379196.130434,5716,35.439743
1764379196.171193,5717,35.627682
1764379196.211851,5718,35.505825
1764379196.252459,5719,35.020447
1764379196.294000,5720,36.034817
1764379196.335052,5721,35.013248
1764379196.375854,5722,35.395199
1764379196.416434,5723,35.190434
1764379196.456681,5724,35.033024
1764379196.496799,5725,35.307137
1764379196.537434,5726,35.456703
1764379196.578582,5727,35.585663
1764379196.619906,5728,35.713791
1764379196.660751,5729,35.436192
1764379196.701645,5730,35.393440
1764379196.742795,5731,35.093121
1764379196.783344,5732,34.983486
1764379196.824400,5733,35.594913
1764379196.864629,5734,35.038494
1764379196.904872,5735,35.414753
1764379196.945609,5736,35.543713
1764379196.990616,5737,39.472832
1764379197.031297,5738,35.242722
1764379197.071931,5739,35.164608
1764379197.112617,5740,35.311295
1764379197.153519,5741,34.978527
1764379197.193490,5742,35.025600
1764379197.234416,5743,35.708607
1764379197.275970,5744,36.412094
1764379197.316629,5745,35.651745
1764379197.357239,5746,35.528351
1764379197.397834,5747,34.971329
1764379197.439111,5748,35.949249
1764379197.480150,5749,35.479298
1764379197.521165,5750,35.624702
1764379197.562412,5751,34.996929
1764379197.602836,5752,35.057281
1764379197.643289,5753,35.037823
1764379197.683402,5754,34.993855
1764379197.723407,5755,34.972416
1764379197.763695,5756,35.183392
1764379197.804698,5757,35.575745
1764379197.845762,5758,35.660416
1764379197.886929,5759,35.614334
1764379197.927308,5760,35.060703
1764379197.968588,5761,35.072224
1764379198.009289,5762,35.304066
1764379198.050344,5763,35.527393
1764379198.090637,5764,35.022175
1764379198.130536,5765,34.917057
1764379198.171867,5766,36.274017
1764379198.212193,5767,35.088417
1764379198.252771,5768,35.462753
1764379198.293958,5769,35.648449
1764379198.335093,5770,35.630718
1764379198.377423,5771,36.184799
1764379198.418123,5772,35.317440
1764379198.458562,5773,35.086239
1764379198.499189,5774,35.251839
1764379198.539765,5775,35.033791
1764379198.580754,5776,35.544670
1764379198.621320,5777,35.185345
1764379198.662281,5778,35.240639
1764379198.703583,5779,35.904415
1764379198.744049,5780,35.048256
1764379198.785710,5781,35.414913
1764379198.826809,5782,35.520416
1764379198.867323,5783,35.246784
1764379198.907736,5784,35.557056
1764379198.947591,5785,35.023521
1764379198.988998,5786,36.283009
1764379199.030138,5787,35.711617
1764379199.070961,5788,35.072514
1764379199.112352,5789,35.943134
1764379199.153450,5790,35.627167
1764379199.194784,5791,35.521217
1764379199.234792,5792,34.990784
1764379199.275171,5793,35.122017
1764379199.317287,5794,36.658943
1764379199.357965,5795,35.276482
1764379199.399237,5796,35.724033
1764379199.439741,5797,35.110561
1764379199.480358,5798,35.145313
1764379199.521415,5799,35.672768
1764379199.602095,5800,75.161278
1764379199.643645,5801,35.119839
1764379199.684598,5802,35.370689
1764379199.725709,5803,35.612350
1764379199.766271,5804,35.180256
1764379199.807186,5805,35.314400
1764379199.848420,5806,35.826366
1764379199.888851,5807,35.238911
1764379199.929030,5808,35.316418
1764379199.969840,5809,35.625664
1764379200.011133,5810,35.742432
1764379200.053756,5811,36.500095
1764379200.094947,5812,35.805889
1764379200.135569,5813,35.197601
1764379200.176229,5814,35.231457
1764379200.216996,5815,35.236546
1764379200.257861,5816,35.587646
1764379200.298187,5817,35.241695
1764379200.340005,5818,36.220608
1764379200.380533,5819,35.131073
1764379200.421829,5820,35.649666
1764379200.464351,5821,36.453056
1764379200.504961,5822,35.160641
1764379200.546808,5823,36.463295
1764379200.587439,5824,35.071678
1764379200.628177,5825,35.328896
1764379200.669428,5826,35.810974
1764379200.710122,5827,35.295872
1764379200.751251,5828,35.579582
1764379200.792076,5829,35.426113
1764379200.832888,5830,35.244671
1764379200.874810,5831,35.840672
1764379200.915463,5832,35.231361
1764379200.956529,5833,35.641026
1764379200.997250,5834,35.219936
1764379201.038082,5835,35.291870
1764379201.079258,5836,35.590847
1764379201.120459,5837,35.772095
1764379201.161683,5838,35.734207
1764379201.202305,5839,35.263935
1764379201.242993,5840,35.405502
1764379201.284234,5841,35.718849
1764379201.325347,5842,35.710655
1764379201.367070,5843,36.326080
1764379201.408317,5844,35.647102
1764379201.449132,5845,35.380928
1764379201.490295,5846,35.655617
1764379201.530984,5847,35.318462
1764379201.571748,5848,35.189377
1764379201.613662,5849,36.474560
1764379201.654505,5850,35.292641
1764379201.696510,5851,35.816128
1764379201.737054,5852,35.184288
1764379201.777967,5853,35.399391
1764379201.819367,5854,35.817150
1764379201.860209,5855,35.359009
1764379201.901493,5856,35.892864
1764379201.942126,5857,35.218079
1764379201.986982,5858,39.092930
1764379202.028285,5859,35.784801
1764379202.069409,5860,35.729023
1764379202.111353,5861,35.837440
1764379202.151957,5862,35.180256
1764379202.192930,5863,35.363487
1764379202.233978,5864,35.493504
1764379202.274892,5865,35.599072
1764379202.315341,5866,35.616383
1764379202.356320,5867,35.835583
1764379202.397604,5868,35.710655
1764379202.439468,5869,36.291553
1764379202.480281,5870,35.395294
1764379202.522086,5871,35.594784
1764379202.562732,5872,35.272415
1764379202.603355,5873,35.089920
1764379202.644255,5874,35.343040
1764379202.685596,5875,35.862175
1764379202.726760,5876,35.732159
1764379202.767395,5877,35.106495
1764379202.808299,5878,35.338177
1764379202.849582,5879,35.793728
1764379202.890342,5880,35.317440
1764379202.932474,5881,35.863041
1764379202.973249,5882,35.396290
1764379203.014049,5883,35.190464
1764379203.054989,5884,35.800705
1764379203.094964,5885,35.143360
1764379203.136023,5886,35.821247
1764379203.177477,5887,35.946590
1764379203.218726,5888,35.737217
1764379203.259793,5889,35.520962
1764379203.300890,5890,35.951298
1764379203.342053,5891,35.337921
1764379203.383515,5892,36.200481
1764379203.424630,5893,35.716961
1764379203.465498,5894,35.745472
1764379203.505763,5895,35.283649
1764379203.546731,5896,35.752640
1764379203.588063,5897,35.928768
1764379203.628863,5898,35.423969
1764379203.670193,5899,35.789440
1764379203.711007,5900,35.248833
1764379203.752361,5901,35.284512
1764379203.793477,5902,35.718849
1764379203.834438,5903,35.442432
1764379203.875502,5904,35.771008
1764379203.915583,5905,35.234497
1764379203.956707,5906,35.900002
1764379203.997950,5907,35.724895
1764379204.039231,5908,35.750591
1764379204.080405,5909,35.756672
1764379204.121180,5910,35.416767
1764379204.162867,5911,35.354271
1764379204.204221,5912,35.855042
1764379204.244898,5913,35.294910
1764379204.285731,5914,35.297985
1764379204.326883,5915,35.826241
1764379204.367170,5916,35.360386
1764379204.407966,5917,35.691200
1764379204.448628,5918,35.300034
1764379204.489814,5919,35.719681
1764379204.531130,5920,35.783360
1764379204.573027,5921,35.831490
1764379204.614083,5922,35.676800
1764379204.655516,5923,35.906239
1764379204.696425,5924,35.333759
1764379204.737671,5925,35.849857
1764379204.778306,5926,35.419842
1764379204.819440,5927,36.015648
1764379204.860037,5928,35.703392
1764379204.900313,5929,35.320511
1764379204.941338,5930,36.159359
1764379204.982194,5931,35.347137
1764379205.022733,5932,35.630527
1764379205.063039,5933,35.487423
1764379205.104116,5934,36.071102
1764379205.144553,5935,35.611328
1764379205.185151,5936,35.782303
1764379205.225976,5937,35.753662
1764379205.267252,5938,35.837631
1764379205.308096,5939,35.461823
1764379205.349091,5940,35.888577
1764379205.390249,5941,35.466400
1764379205.431089,5942,35.626686
1764379205.472344,5943,35.858143
1764379205.513819,5944,35.957409
1764379205.555287,5945,35.945824
1764379205.596117,5946,35.409218
1764379205.637493,5947,35.859039
1764379205.678836,5948,35.926720
1764379205.720174,5949,35.785057
1764379205.761499,5950,35.859135
1764379205.802860,5951,35.355618
1764379205.844234,5952,35.828415
1764379205.885888,5953,36.189602
1764379205.926903,5954,35.362495
1764379205.968197,5955,35.883713
1764379206.009083,5956,35.539616
1764379206.050571,5957,35.992191
1764379206.091897,5958,35.785408
1764379206.133155,5959,35.869377
1764379206.174659,5960,36.127361
1764379206.216461,5961,35.596992
1764379206.257826,5962,35.855232
1764379206.298654,5963,35.440193
1764379206.339402,5964,35.393215
1764379206.380477,5965,35.966656
1764379206.420829,5966,35.435200
1764379206.461475,5967,35.398335
1764379206.503467,5968,36.510399
1764379206.544911,5969,35.992191
1764379206.587089,5970,36.607681
1764379206.633612,5971,40.434208
1764379206.674607,5972,35.457664
1764379206.716105,5973,35.928833
1764379206.757074,5974,35.579582
1764379206.798606,5975,36.000446
1764379206.839522,5976,35.547840
1764379206.880648,5977,35.543743
1764379206.921918,5978,35.892864
1764379206.962762,5979,35.333954
1764379207.004138,5980,35.972801
1764379207.045817,5981,35.480160
1764379207.086800,5982,35.478146
1764379207.128253,5983,35.881824
1764379207.169185,5984,35.572319
1764379207.210581,5985,35.898048
1764379207.252049,5986,36.053696
1764379207.293072,5987,35.427647
1764379207.335228,5988,36.778625
1764379207.376671,5989,35.828896
1764379207.417784,5990,36.007584
1764379207.459193,5991,35.427010
1764379207.500692,5992,35.919521
1764379207.542635,5993,36.533951
1764379207.584028,5994,36.020191
1764379207.625169,5995,35.686687
1764379207.667197,5996,36.532127
1764379207.708103,5997,35.362495
1764379207.749697,5998,36.188866
1764379207.790914,5999,35.696510
1764379207.872908,6000,76.438622
1764379207.914524,6001,35.492542
1764379207.956100,6002,36.192959
1764379207.997512,6003,35.978943
1764379208.038869,6004,35.968704
1764379208.079767,6005,35.503456
1764379208.120859,6006,35.523232
1764379208.162274,6007,35.930271
1764379208.203203,6008,35.539646
1764379208.244332,6009,35.707489
1764379208.285326,6010,35.637985
1764379208.327270,6011,35.553921
1764379208.368826,6012,36.155071
1764379208.410008,6013,35.949505
1764379208.450721,6014,35.879551
1764379208.490920,6015,35.397247
1764379208.532228,6016,36.109985
1764379208.573841,6017,36.128288
1764379208.615379,6018,35.975872
1764379208.657153,6019,36.337280
1764379208.698186,6020,35.646145
1764379208.740116,6021,35.723007
1764379208.781715,6022,36.163200
1764379208.822531,6023,35.714687
1764379208.862971,6024,35.601089
1764379208.903286,6025,35.507839
1764379208.944474,6026,36.008671
1764379208.986444,6027,36.582111
1764379209.027493,6028,35.666622
1764379209.068615,6029,35.546818
1764379209.110134,6030,36.017857
1764379209.151700,6031,35.506882
1764379209.193861,6032,36.799137
1764379209.234997,6033,35.582623
1764379209.276280,6034,35.570370
1764379209.318401,6035,36.738785
1764379209.359463,6036,35.650177
1764379209.400857,6037,35.839649
1764379209.442078,6038,35.951199
1764379209.482497,6039,35.443329
1764379209.524203,6040,36.621025
1764379209.566085,6041,35.675903
1764379209.608185,6042,36.556480
1764379209.649700,6043,35.979969
1764379209.690977,6044,35.723904
1764379209.732434,6045,36.067009
1764379209.773435,6046,35.536545
1764379209.814985,6047,36.159103
1764379209.855683,6048,35.568321
1764379209.896303,6049,35.624607
1764379209.937637,6050,36.215328
1764379209.979282,6051,35.613377
1764379210.020798,6052,36.096287
1764379210.061768,6053,35.636959
1764379210.103487,6054,36.048031
1764379210.144811,6055,36.176353
1764379210.185192,6056,35.476383
1764379210.227050,6057,36.783810
1764379210.268596,6058,36.003456
1764379210.310515,6059,36.369057
1764379210.352150,6060,36.038338
1764379210.394524,6061,36.194111
1764379210.435478,6062,35.586754
1764379210.476473,6063,35.838879
1764379210.517304,6064,35.771072
1764379210.559092,6065,36.530849
1764379210.600515,6066,36.005535
1764379210.642423,6067,36.344448
1764379210.684003,6068,35.970753
1764379210.725130,6069,35.664352
1764379210.766206,6070,35.683041
1764379210.808020,6071,35.731136
1764379210.849778,6072,36.332066
1764379210.890923,6073,35.617313
1764379210.932086,6074,35.602112
1764379210.974355,6075,36.888126
1764379211.015708,6076,35.780289
1764379211.057347,6077,36.168510
1764379211.099416,6078,36.701889
1764379211.140698,6079,35.727039
1764379211.182616,6080,36.405952
1764379211.224582,6081,35.697281
1764379211.266117,6082,36.159168
1764379211.307180,6083,35.674751
1764379211.348446,6084,35.668510
1764379211.389853,6085,36.026016
1764379211.430912,6086,35.690048
1764379211.472740,6087,36.132545
1764379211.514145,6088,36.150368
1764379211.554874,6089,35.486305
1764379211.597039,6090,36.759136
1764379211.639529,6091,36.248959
1764379211.681818,6092,36.829922
1764379211.726846,6093,39.641472
1764379211.767968,6094,35.552959
1764379211.809875,6095,36.481377
1764379211.850931,6096,35.700417
1764379211.892743,6097,36.412064
1764379211.933889,6098,35.799458
1764379211.975072,6099,35.603134
1764379212.016697,6100,36.221375
1764379212.058557,6101,35.763039
1764379212.099727,6102,35.782337
1764379212.140969,6103,35.756737
1764379212.181925,6104,35.735134
1764379212.222820,6105,35.753376
1764379212.264951,6106,37.065376
1764379212.307358,6107,36.839073
1764379212.349142,6108,36.392639
1764379212.390519,6109,35.709568
1764379212.432264,6110,36.350689
1764379212.473980,6111,35.651264
1764379212.515128,6112,36.047455
1764379212.555799,6113,35.824322
1764379212.596693,6114,35.789536
1764379212.637986,6115,36.032833
1764379212.679864,6116,36.617249
1764379212.722340,6117,37.050049
1764379212.764072,6118,36.146881
1764379212.805582,6119,35.991234
1764379212.848076,6120,36.976929
1764379212.890094,6121,35.936382
1764379212.931884,6122,36.232834
1764379212.973666,6123,36.344158
1764379213.014781,6124,35.728161
1764379213.055611,6125,36.003521
1764379213.096888,6126,36.162945
1764379213.139359,6127,37.027489
1764379213.181119,6128,36.165249
1764379213.222553,6129,35.881474
1764379213.264217,6130,36.058815
1764379213.306140,6131,35.738400
1764379213.347658,6132,36.149887
1764379213.388876,6133,35.845730
1764379213.430004,6134,35.783424
1764379213.470838,6135,35.872063
1764379213.512026,6136,36.119167
1764379213.553273,6137,36.136578
1764379213.594278,6138,35.757729
1764379213.636172,6139,36.233856
1764379213.678318,6140,36.774433
1764379213.720201,6141,35.778370
1764379213.761649,6142,35.917439
1764379213.803634,6143,36.433952
1764379213.844840,6144,35.948158
1764379213.885617,6145,35.849087
1764379213.926476,6146,35.801632
1764379213.968863,6147,36.808319
1764379214.010696,6148,36.447937
1764379214.052051,6149,35.680031
1764379214.093937,6150,36.495998
1764379214.135981,6151,35.757599
1764379214.178459,6152,37.095520
1764379214.219540,6153,35.761856
1764379214.260269,6154,35.897919
1764379214.301414,6155,36.271713
1764379214.342319,6156,35.833534
1764379214.384753,6157,36.861633
1764379214.426580,6158,36.462208
1764379214.468004,6159,35.776192
1764379214.509902,6160,36.543102
1764379214.552394,6161,36.222721
1764379214.593845,6162,36.335232
1764379214.635055,6163,35.786430
1764379214.676625,6164,36.153984
1764379214.718961,6165,36.854240
1764379214.760741,6166,36.312801
1764379214.803036,6167,36.892448
1764379214.844223,6168,35.748383
1764379214.886220,6169,36.491905
1764379214.927454,6170,35.940319
1764379214.969392,6171,35.975872
1764379215.010868,6172,36.217793
1764379215.051894,6173,35.902145
1764379215.093848,6174,36.349632
1764379215.135635,6175,36.387455
1764379215.177248,6176,36.220352
1764379215.219455,6177,36.818657
1764379215.260549,6178,35.941055
1764379215.301460,6179,35.868351
1764379215.343279,6180,36.426434
1764379215.385244,6181,35.802433
1764379215.427550,6182,36.955776
1764379215.469297,6183,36.249313
1764379215.510528,6184,36.119137
1764379215.551411,6185,35.903168
1764379215.592792,6186,36.263649
1764379215.634035,6187,35.993694
1764379215.676321,6188,36.867519
1764379215.717710,6189,35.924706
1764379215.760037,6190,36.775585
1764379215.802168,6191,36.118401
1764379215.843386,6192,35.722942
1764379215.884569,6193,35.840000
1764379215.925948,6194,35.821056
1764379215.967940,6195,36.584064
1764379216.009284,6196,35.891422
1764379216.051229,6197,36.428513
1764379216.092829,6198,36.177536
1764379216.134353,6199,36.020992
1764379216.215820,6200,75.903679
1764379216.258212,6201,36.243137
1764379216.299587,6202,35.991234
1764379216.341163,6203,36.004578
1764379216.383074,6204,36.393600
1764379216.424311,6205,35.842751
1764379216.465686,6206,35.995327
1764379216.507280,6207,36.061314
1764379216.548622,6208,35.879646
1764379216.590018,6209,36.022270
1764379216.630986,6210,35.847904
1764379216.673110,6211,36.288223
1764379216.714971,6212,36.372162
1764379216.756844,6213,36.417217
1764379216.798759,6214,36.334816
1764379216.840066,6215,35.922623
1764379216.882009,6216,36.528606
1764379216.923125,6217,35.890881
1764379216.964564,6218,36.060863
1764379217.006523,6219,36.456062
1764379217.047953,6220,36.029121
1764379217.090542,6221,36.431553
1764379217.131877,6222,35.948223
1764379217.173378,6223,35.881664
1764379217.215053,6224,36.122368
1764379217.256960,6225,36.455105
1764379217.298842,6226,36.517376
1764379217.340317,6227,35.966656
1764379217.381692,6228,35.927425
1764379217.423499,6229,36.442818
1764379217.464848,6230,35.933887
1764379217.508092,6231,36.876736
1764379217.550040,6232,36.528831
1764379217.591487,6233,36.084415
1764379217.637039,6234,40.211105
1764379217.678103,6235,36.022305
1764379217.719455,6236,36.184769
1764379217.761295,6237,36.387520
1764379217.803425,6238,36.596352
1764379217.845220,6239,36.354015
1764379217.887062,6240,36.472546
1764379217.929243,6241,36.039360
1764379217.971120,6242,36.382401
1764379218.012813,6243,36.097824
1764379218.054836,6244,36.464031
1764379218.096271,6245,36.057793
1764379218.137819,6246,36.184799
1764379218.179383,6247,36.174561
1764379218.220909,6248,35.883713
1764379218.262677,6249,36.220543
1764379218.303983,6250,35.916286
1764379218.346691,6251,36.645504
1764379218.388787,6252,36.564671
1764379218.430746,6253,36.397121
1764379218.472125,6254,35.998402
1764379218.513696,6255,36.039360
1764379218.555439,6256,36.187904
1764379218.596876,6257,36.003010
1764379218.638442,6258,36.032192
1764379218.679672,6259,36.114079
1764379218.720770,6260,35.920574
1764379218.763326,6261,36.410816
1764379218.805182,6262,36.437695
1764379218.847863,6263,37.127872
1764379218.889898,6264,36.533119
1764379218.931245,6265,35.972736
1764379218.973275,6266,36.655842
1764379219.014920,6267,36.113377
1764379219.056858,6268,36.512447
1764379219.098665,6269,36.431553
1764379219.140054,6270,35.983040
1764379219.182704,6271,36.440800
1764379219.223998,6272,35.903168
1764379219.266123,6273,36.583138
1764379219.308269,6274,36.569794
1764379219.350355,6275,36.473503
1764379219.391948,6276,36.169407
1764379219.433344,6277,36.066975
1764379219.475248,6278,36.372673
1764379219.517027,6279,36.033215
1764379219.558760,6280,36.189919
1764379219.601054,6281,36.424385
1764379219.642094,6282,35.963455
1764379219.683715,6283,36.275906
1764379219.724944,6284,36.087486
1764379219.766965,6285,36.713024
1764379219.809756,6286,37.171906
1764379219.851174,6287,36.016094
1764379219.892976,6288,36.368832
1764379219.935028,6289,36.820545
1764379219.976669,6290,35.949249
1764379220.020065,6291,37.334686
1764379220.061471,6292,36.013760
1764379220.103028,6293,36.049152
1764379220.144563,6294,36.154049
1764379220.186073,6295,36.044991
1764379220.227325,6296,36.123329
1764379220.268441,6297,35.970177
1764379220.310321,6298,36.488895
1764379220.351554,6299,35.917503
1764379220.392606,6300,36.056576
1764379220.434689,6301,36.301502
1764379220.476202,6302,36.141762
1764379220.518324,6303,36.485825
1764379220.560159,6304,36.531902
1764379220.601068,6305,35.939007
1764379220.642554,6306,36.246208
1764379220.684407,6307,36.250336
1764379220.726160,6308,36.564960
1764379220.767204,6309,35.933887
1764379220.808930,6310,36.199200
1764379220.851307,6311,36.162239
1764379220.892756,6312,36.025024
1764379220.934676,6313,36.543167
1764379220.975790,6314,36.012672
1764379221.016908,6315,36.084450
1764379221.058285,6316,36.102978
1764379221.100510,6317,36.811455
1764379221.142617,6318,36.587105
1764379221.184961,6319,36.785854
1764379221.227001,6320,36.495071
1764379221.269637,6321,36.506306
1764379221.311304,6322,36.273792
1764379221.353301,6323,36.560577
1764379221.394636,6324,36.230846
1764379221.435611,6325,36.025024
1764379221.477860,6326,37.105377
1764379221.519372,6327,36.102753
1764379221.562068,6328,37.091007
1764379221.603600,6329,36.149887
1764379221.645334,6330,36.114143
1764379221.687794,6331,36.266079
1764379221.729507,6332,36.562656
1764379221.770824,6333,36.498978
1764379221.812128,6334,36.041409
1764379221.853600,6335,36.155743
1764379221.895878,6336,37.186146
1764379221.937493,6337,36.188831
1764379221.979667,6338,36.650688
1764379222.021684,6339,36.584129
1764379222.063225,6340,36.146751
1764379222.105881,6341,36.474560
1764379222.147437,6342,36.172447
1764379222.189933,6343,37.079742
1764379222.231631,6344,36.583103
1764379222.273026,6345,36.145824
1764379222.315065,6346,36.490879
1764379222.356676,6347,36.215488
1764379222.399460,6348,37.303905
1764379222.441101,6349,36.208351
1764379222.482760,6350,36.149952
1764379222.525498,6351,36.559551
1764379222.567132,6352,36.257504
1764379222.609128,6353,36.601536
1764379222.655705,6354,41.444065
1764379222.697352,6355,36.392414
1764379222.739886,6356,37.142208
1764379222.781379,6357,36.214462
1764379222.823147,6358,36.523647
1764379222.864722,6359,36.148960
1764379222.906461,6360,36.377281
1764379222.948792,6361,36.252289
1764379222.990662,6362,36.216064
1764379223.032319,6363,36.163265
1764379223.073590,6364,36.175552
1764379223.114819,6365,36.324032
1764379223.156999,6366,37.067200
1764379223.199396,6367,36.693695
1764379223.241969,6368,37.136063
1764379223.283738,6369,36.197056
1764379223.326200,6370,36.993729
1764379223.368460,6371,36.101631
1764379223.410264,6372,36.266689
1764379223.452133,6373,36.313728
1764379223.493446,6374,36.131454
1764379223.534691,6375,36.397537
1764379223.576620,6376,36.834911
1764379223.618385,6377,36.264191
1764379223.661246,6378,37.278145
1764379223.702752,6379,36.102818
1764379223.744402,6380,36.085407
1764379223.786549,6381,36.353634
1764379223.827777,6382,36.047329
1764379223.869712,6383,36.869217
1764379223.911182,6384,36.186817
1764379223.953055,6385,36.752514
1764379223.995317,6386,36.734657
1764379224.037495,6387,36.693535
1764379224.079126,6388,36.210369
1764379224.120695,6389,36.130527
1764379224.163032,6390,36.936321
1764379224.205257,6391,36.078274
1764379224.247141,6392,36.346561
1764379224.288763,6393,36.172321
1764379224.330215,6394,36.212418
1764379224.371600,6395,36.543968
1764379224.413342,6396,36.635361
1764379224.455677,6397,36.808319
1764379224.497962,6398,36.860577
1764379224.539598,6399,36.261536
1764379224.622956,6400,77.974144
1764379224.665442,6401,36.173409
1764379224.707824,6402,36.871967
1764379224.749460,6403,36.206207
1764379224.790712,6404,36.147808
1764379224.831884,6405,36.207394
1764379224.873349,6406,36.215454
1764379224.915744,6407,36.877663
1764379224.957351,6408,36.205185
1764379224.998716,6409,36.090527
1764379225.040061,6410,36.266590
1764379225.082397,6411,36.089600
1764379225.125113,6412,37.307007
1764379225.166893,6413,36.393696
1764379225.209542,6414,37.109310
1764379225.251678,6415,36.732609
1764379225.293477,6416,36.207294
1764379225.335763,6417,36.865761
1764379225.377482,6418,36.295361
1764379225.419622,6419,36.646526
1764379225.461248,6420,36.202080
1764379225.503737,6421,36.414017
1764379225.545274,6422,36.613697
1764379225.586697,6423,36.126431
1764379225.628709,6424,36.617920
1764379225.670488,6425,36.245823
1764379225.713240,6426,37.166782
1764379225.755168,6427,36.525726
1764379225.796896,6428,36.136639
1764379225.838753,6429,36.745918
1764379225.879855,6430,36.069057
1764379225.922221,6431,36.513504
1764379225.964394,6432,36.590176
1764379226.006698,6433,36.785759
1764379226.049339,6434,36.974209
1764379226.092214,6435,37.479038
1764379226.134162,6436,36.578945
1764379226.175818,6437,36.268478
1764379226.217725,6438,36.360897
1764379226.259749,6439,36.487873
1764379226.301562,6440,36.415169
1764379226.344426,6441,36.625088
1764379226.386219,6442,36.384449
1764379226.428187,6443,36.215519
1764379226.470624,6444,37.050049
1764379226.512405,6445,36.216480
1764379226.554722,6446,36.923038
1764379226.596416,6447,36.166306
1764379226.638335,6448,36.374207
1764379226.680544,6449,36.650688
1764379226.722352,6450,36.415199
1764379226.765428,6451,36.817600
1764379226.807233,6452,36.433537
1764379226.848726,6453,36.236862
1764379226.890144,6454,36.495041
1764379226.931383,6455,36.202305
1764379226.974336,6456,37.379616
1764379227.016677,6457,36.933311
1764379227.058594,6458,36.360832
1764379227.101411,6459,37.236416
1764379227.143666,6460,36.885246
1764379227.186551,6461,36.827839
1764379227.228647,6462,36.682430
1764379227.271553,6463,37.351105
1764379227.313739,6464,36.912830
1764379227.355367,6465,36.367905
1764379227.397265,6466,36.498112
1764379227.439512,6467,36.724384
1764379227.482453,6468,37.515968
1764379227.524278,6469,36.236767
1764379227.566071,6470,36.298367
1764379227.608644,6471,36.561600
1764379227.650609,6472,36.579006
1764379227.693161,6473,36.770496
1764379227.735502,6474,36.819614
1764379227.777287,6475,36.227776
1764379227.819652,6476,36.966015
1764379227.866684,6477,41.903233
1764379227.908156,6478,36.583038
1764379227.950148,6479,36.933346
1764379227.992432,6480,36.787937
1764379228.035963,6481,37.432991
1764379228.077795,6482,36.337440
1764379228.119489,6483,36.325054
1764379228.161212,6484,36.319969
1764379228.203192,6485,36.432640
1764379228.245689,6486,37.069504
1764379228.287478,6487,36.314751
1764379228.330669,6488,37.784256
1764379228.372987,6489,36.783745
1764379228.415845,6490,37.347649
1764379228.458293,6491,36.294304
1764379228.500209,6492,36.393665
1764379228.542469,6493,36.786880
1764379228.583864,6494,36.291168
1764379228.625441,6495,36.466335
1764379228.668551,6496,37.570526
1764379228.710749,6497,36.843201
1764379228.752949,6498,36.820576
1764379228.795647,6499,37.123840
1764379228.837927,6500,36.795071
1764379228.880868,6501,36.887199
1764379228.922710,6502,36.463871
1764379228.964601,6503,36.575394
1764379229.006814,6504,36.855423
1764379229.049006,6505,36.762302
1764379229.091424,6506,37.073631
1764379229.133967,6507,36.849342
1764379229.176165,6508,36.804222
1764379229.217979,6509,36.453056
1764379229.260336,6510,36.856510
1764379229.302978,6511,36.582081
1764379229.345112,6512,36.351681
1764379229.387537,6513,37.040833
1764379229.429170,6514,36.416065
1764379229.471304,6515,36.798111
1764379229.513067,6516,36.391487
1764379229.555591,6517,36.827679
1764379229.598723,6518,37.639648
1764379229.640538,6519,36.422337
1764379229.682980,6520,36.959778
1764379229.725548,6521,36.443775
1764379229.767998,6522,36.889278
1764379229.810539,6523,37.055168
1764379229.852253,6524,36.468384
1764379229.893967,6525,36.439583
1764379229.936603,6526,37.519104
1764379229.978673,6527,36.858528
1764379230.021146,6528,36.925121
1764379230.063708,6529,37.016930
1764379230.105855,6530,36.972225
1764379230.148075,6531,36.426434
1764379230.190306,6532,36.907711
1764379230.232702,6533,36.824608
1764379230.274640,6534,36.675167
1764379230.316128,6535,36.504257
1764379230.357662,6536,36.450912
1764379230.400438,6537,37.212193
1764379230.442923,6538,37.086910
1764379230.484945,6539,36.328224
1764379230.527409,6540,36.915840
1764379230.569803,6541,36.353760
1764379230.611655,6542,36.764290
1764379230.653189,6543,36.459457
1764379230.695388,6544,37.075649
1764379230.737625,6545,36.831905
1764379230.779607,6546,36.498623
1764379230.822726,6547,37.674686
1764379230.864422,6548,36.298401
1764379230.906344,6549,36.457760
1764379230.948494,6550,37.012161
1764379230.990429,6551,36.404865
1764379231.033073,6552,37.362370
1764379231.076256,6553,37.755615
1764379231.119185,6554,37.323425
1764379231.162476,6555,37.808289
1764379231.204416,6556,36.558529
1764379231.247348,6557,37.486526
1764379231.289212,6558,36.446911
1764379231.331555,6559,36.944576
1764379231.373536,6560,36.514465
1764379231.416051,6561,36.436417
1764379231.458361,6562,36.891296
1764379231.500296,6563,36.548321
1764379231.542488,6564,37.080734
1764379231.583971,6565,36.455040
1764379231.626144,6566,37.109375
1764379231.669252,6567,37.575359
1764379231.711769,6568,37.142143
1764379231.754073,6569,36.872993
1764379231.796019,6570,36.550335
1764379231.839299,6571,37.047935
1764379231.881952,6572,37.026497
1764379231.923906,6573,36.591423
1764379231.966030,6574,37.003967
1764379232.007434,6575,36.421345
1764379232.049321,6576,36.622047
1764379232.092285,6577,37.435200
1764379232.134811,6578,37.049377
1764379232.177329,6579,37.104321
1764379232.220279,6580,37.575359
1764379232.262949,6581,36.454018
1764379232.304870,6582,36.509312
1764379232.346961,6583,36.598465
1764379232.389260,6584,37.007038
1764379232.430919,6585,36.399807
1764379232.473824,6586,37.343937
1764379232.516264,6587,37.034622
1764379232.558769,6588,37.024448
1764379232.601151,6589,36.972351
1764379232.643281,6590,36.724449
1764379232.686366,6591,36.944607
1764379232.728217,6592,36.478657
1764379232.770380,6593,36.633312
1764379232.812899,6594,37.240479
1764379232.854582,6595,36.480640
1764379232.897582,6596,37.634750
1764379232.940018,6597,37.044895
1764379232.982250,6598,36.596287
1764379233.024369,6599,37.008034
1764379233.107232,6600,77.722305
1764379233.149905,6601,36.490879
1764379233.192034,6602,36.605568
1764379233.234652,6603,37.143200
1764379233.276529,6604,36.593311
1764379233.322726,6605,41.098911
1764379233.365195,6606,36.928192
1764379233.408134,6607,37.273281
1764379233.451313,6608,37.770943
1764379233.493486,6609,36.571041
1764379233.536082,6610,37.057182
1764379233.579138,6611,36.957920
1764379233.621593,6612,36.992702
1764379233.664605,6613,37.647041
1764379233.706274,6614,36.539070
1764379233.748215,6615,36.855358
1764379233.790816,6616,37.197472
1764379233.833914,6617,37.526142
1764379233.875875,6618,36.567711
1764379233.917792,6619,36.533985
1764379233.960224,6620,37.033695
1764379234.004160,6621,37.835522
1764379234.046351,6622,37.058208
1764379234.088028,6623,36.589249
1764379234.130186,6624,36.653793
1764379234.172674,6625,36.906689
1764379234.215318,6626,37.268162
1764379234.258636,6627,37.740383
1764379234.300852,6628,36.838497
1764379234.343342,6629,37.108288
1764379234.385609,6630,36.667007
1764379234.428361,6631,36.701569
1764379234.470951,6632,37.193695
1764379234.513037,6633,36.570816
1764379234.555376,6634,37.244545
1764379234.597261,6635,36.575935
1764379234.640130,6636,37.368511
1764379234.682642,6637,37.051998
1764379234.725322,6638,37.142143
1764379234.768053,6639,37.309120
1764379234.810062,6640,36.619904
1764379234.852739,6641,36.601536
1764379234.896009,6642,37.878494
1764379234.937963,6643,36.556450
1764379234.980118,6644,37.025471
1764379235.022087,6645,36.871937
1764379235.064021,6646,36.515518
1764379235.106606,6647,37.500641
1764379235.148844,6648,36.636353
1764379235.192123,6649,37.722111
1764379235.234671,6650,37.168831
1764379235.277460,6651,36.665314
1764379235.320532,6652,37.572193
1764379235.363271,6653,37.177025
1764379235.405152,6654,36.712864
1764379235.446973,6655,36.583138
1764379235.489508,6656,37.005024
1764379235.532803,6657,37.894817
1764379235.575676,6658,37.150242
1764379235.618436,6659,37.319359
1764379235.660903,6660,37.094082
1764379235.703876,6661,37.044098
1764379235.745309,6662,36.576962
1764379235.787344,6663,36.804287
1764379235.830767,6664,38.011585
1764379235.872931,6665,36.728481
1764379235.915445,6666,37.134014
1764379235.957965,6667,37.064320
1764379236.000771,6668,37.237438
1764379236.043601,6669,37.312160
1764379236.085549,6670,36.727489
1764379236.127895,6671,36.461246
1764379236.170505,6672,37.150463
1764379236.213237,6673,37.343937
1764379236.255373,6674,37.038784
1764379236.297252,6675,36.706944
1764379236.340487,6676,37.844673
1764379236.382948,6677,37.078560
1764379236.425202,6678,36.648960
1764379236.468104,6679,37.450432
1764379236.510167,6680,36.547264
1764379236.553444,6681,37.184032
1764379236.595635,6682,36.826752
1764379236.637735,6683,36.564575
1764379236.679936,6684,37.056129
1764379236.721943,6685,36.744865
1764379236.765274,6686,37.749439
1764379236.807936,6687,37.263039
1764379236.851019,6688,37.682465
1764379236.893080,6689,36.641472
1764379236.935395,6690,36.779518
1764379236.978615,6691,37.102142
1764379237.020766,6692,36.766399
1764379237.062942,6693,36.769505
1764379237.104868,6694,36.627136
1764379237.146896,6695,36.824062
1764379237.189944,6696,37.299904
1764379237.233152,6697,37.813919
1764379237.276344,6698,37.775040
1764379237.318472,6699,36.642494
1764379237.361150,6700,37.276352
1764379237.403772,6701,36.559551
1764379237.446059,6702,36.675583
1764379237.488744,6703,37.272255
1764379237.530490,6704,36.637375
1764379237.572339,6705,36.578815
1764379237.615811,6706,38.076096
1764379237.658530,6707,37.118847
1764379237.701362,6708,37.421600
1764379237.743555,6709,36.777473
1764379237.786158,6710,37.098175
1764379237.829071,6711,36.798145
1764379237.871570,6712,36.754112
1764379237.914436,6713,37.314335
1764379237.956307,6714,36.760258
1764379237.998699,6715,37.206081
1764379238.041394,6716,37.174911
1764379238.084109,6717,37.143230
1764379238.126630,6718,37.312160
1764379238.168410,6719,36.691647
1764379238.211256,6720,37.436096
1764379238.254684,6721,37.261280
1764379238.297536,6722,37.429985
1764379238.340030,6723,37.102303
1764379238.381878,6724,36.668095
1764379238.424061,6725,37.091007
1764379238.466640,6726,37.175999
1764379238.509198,6727,37.163681
1764379238.551936,6728,37.368511
1764379238.594630,6729,37.143265
1764379238.637246,6730,37.023487
1764379238.680707,6731,37.369568
1764379238.722933,6732,36.648640
1764379238.765797,6733,37.425858
1764379238.808060,6734,36.852417
1764379238.850323,6735,37.104321
1764379238.892478,6736,36.770496
1764379238.935837,6737,37.837376
1764379238.978676,6738,37.311489
1764379239.021016,6739,36.748993
1764379239.064363,6740,37.822048
1764379239.107465,6741,36.747967
1764379239.149636,6742,37.031681
1764379239.191221,6743,36.757183
1764379239.233775,6744,37.701313
1764379239.275636,6745,36.662945
1764379239.318589,6746,37.387966
1764379239.362172,6747,37.977760
1764379239.405051,6748,37.282528
1764379239.447212,6749,36.795071
1764379239.489519,6750,36.693439
1764379239.532853,6751,37.108418
1764379239.575490,6752,37.231297
1764379239.617643,6753,36.698849
1764379239.659975,6754,37.216961
1764379239.701730,6755,36.641121
1764379239.744468,6756,37.239521
1764379239.792768,6757,42.834015
1764379239.835260,6758,36.808224
1764379239.877920,6759,36.851425
1764379239.920804,6760,37.487328
1764379239.964167,6761,37.289665
1764379240.006400,6762,36.765633
1764379240.048796,6763,36.859936
1764379240.090872,6764,36.945633
1764379240.132769,6765,36.779713
1764379240.176165,6766,38.014656
1764379240.218362,6767,36.806240
1764379240.261306,6768,37.364414
1764379240.304143,6769,37.426815
1764379240.346892,6770,37.296833
1764379240.390518,6771,37.471840
1764379240.432602,6772,36.697727
1764379240.475064,6773,36.749474
1764379240.517694,6774,37.470913
1764379240.559560,6775,36.639458
1764379240.602016,6776,37.287617
1764379240.643955,6777,36.625118
1764379240.687091,6778,37.681248
1764379240.729938,6779,37.363552
1764379240.772386,6780,36.903393
1764379240.815907,6781,37.297440
1764379240.857980,6782,36.881889
1764379240.899936,6783,37.096127
1764379240.942470,6784,37.414593
1764379240.985094,6785,36.898335
1764379241.028418,6786,37.618366
1764379241.071835,6787,37.992126
1764379241.114377,6788,37.335201
1764379241.156481,6789,36.672161
1764379241.199219,6790,37.523136
1764379241.242481,6791,37.333694
1764379241.285364,6792,37.307903
1764379241.329036,6793,38.214336
1764379241.371855,6794,37.289536
1764379241.414422,6795,36.919777
1764379241.457302,6796,37.460609
1764379241.499931,6797,36.889599
1764379241.542926,6798,37.523903
1764379241.585112,6799,36.776642
1764379241.668823,6800,78.162560
1764379241.711889,6801,36.792095
1764379241.754547,6802,37.200577
1764379241.796760,6803,36.844479
1764379241.838869,6804,36.722401
1764379241.880994,6805,36.732063
1764379241.923535,6806,37.010143
1764379241.966413,6807,37.352127
1764379242.008821,6808,36.998848
1764379242.051517,6809,37.311169
1764379242.093940,6810,36.867775
1764379242.137116,6811,36.949696
1764379242.179809,6812,37.116543
1764379242.222123,6813,37.142239
1764379242.264618,6814,37.394978
1764379242.307015,6815,37.021378
1764379242.350343,6816,37.536350
1764379242.394087,6817,38.321728
1764379242.436684,6818,37.049057
1764379242.480183,6819,38.000256
1764379242.522604,6820,36.979393
1764379242.565690,6821,36.807392
1764379242.608686,6822,37.471584
1764379242.651198,6823,36.856575
1764379242.694034,6824,37.407360
1764379242.736175,6825,36.760193
1764379242.778997,6826,37.170719
1764379242.821709,6827,37.275330
1764379242.863995,6828,36.746944
1764379242.906800,6829,37.348736
1764379242.948932,6830,36.752094
1764379242.993007,6831,38.009632
1764379243.035350,6832,36.776642
1764379243.077844,6833,36.870880
1764379243.120651,6834,37.377728
1764379243.163086,6835,36.803169
1764379243.205532,6836,36.854366
1764379243.247926,6837,37.221058
1764379243.290174,6838,37.083488
1764379243.332951,6839,37.237473
1764379243.376095,6840,37.726913
1764379243.420049,6841,37.849056
1764379243.462159,6842,36.704800
1764379243.504815,6843,37.225151
1764379243.546692,6844,36.765247
1764379243.588680,6845,36.534111
1764379243.632053,6846,37.920418
1764379243.675308,6847,37.822144
1764379243.718078,6848,37.172096
1764379243.760963,6849,37.462753
1764379243.803786,6850,37.137024
1764379243.847190,6851,37.222206
1764379243.889278,6852,36.691647
1764379243.931902,6853,37.083138
1764379243.973834,6854,36.747391
1764379244.015802,6855,36.874943
1764379244.058482,6856,37.238945
1764379244.101040,6857,37.172897
1764379244.144119,6858,37.731007
1764379244.186262,6859,36.683521
1764379244.228656,6860,36.807297
1764379244.271685,6861,37.208065
1764379244.313647,6862,36.677025
1764379244.356863,6863,37.817089
1764379244.398732,6864,36.745918
1764379244.440890,6865,37.064384
1764379244.483693,6866,37.446369
1764379244.526277,6867,37.113247
1764379244.569652,6868,38.002369
1764379244.611985,6869,36.904640
1764379244.654783,6870,37.339554
1764379244.697763,6871,36.833855
1764379244.740125,6872,36.815552
1764379244.782860,6873,37.275330
1764379244.824808,6874,36.808384
1764379244.866843,6875,36.752064
1764379244.910258,6876,38.015137
1764379244.953492,6877,37.833408
1764379244.995570,6878,36.697857
1764379245.037987,6879,36.886238
1764379245.081109,6880,37.554111
1764379245.123962,6881,36.768478
1764379245.166600,6882,37.248608
1764379245.208835,6883,36.823711
1764379245.251062,6884,36.801697
1764379245.293317,6885,37.140255
1764379245.335433,6886,36.906559
1764379245.378501,6887,37.895905
1764379245.421223,6888,37.331650
1764379245.463451,6889,36.832096
1764379245.506332,6890,37.427902
1764379245.549163,6891,36.762432
1764379245.592021,6892,37.442112
1764379245.634312,6893,36.848320
1764379245.676386,6894,36.811455
1764379245.718827,6895,37.353920
1764379245.762017,6896,37.523006
1764379245.805581,6897,37.979809
1764379245.852472,6898,41.494209
1764379245.895704,6899,37.480450
1764379245.938633,6900,37.457600
1764379245.981443,6901,36.828575
1764379246.023348,6902,36.922047
1764379246.066264,6903,37.431999
1764379246.109007,6904,37.349056
1764379246.151480,6905,36.936096
1764379246.194578,6906,37.426910
1764379246.237102,6907,37.376705
1764379246.279282,6908,36.944416
1764379246.322566,6909,38.003391
1764379246.364632,6910,36.865726
1764379246.408082,6911,37.006016
1764379246.451943,6912,38.416096
1764379246.495024,6913,37.539646
1764379246.538627,6914,38.008450
1764379246.581327,6915,37.116608
1764379246.624265,6916,37.565086
1764379246.667272,6917,37.564384
1764379246.709961,6918,37.075294
1764379246.752943,6919,37.568897
1764379246.795541,6920,37.079937
1764379246.838938,6921,37.087170
1764379246.881346,6922,36.983456
1764379246.924131,6923,37.125538
1764379246.967429,6924,37.838497
1764379247.010020,6925,37.055199
1764379247.053014,6926,37.452480
1764379247.095607,6927,37.042049
1764379247.138241,6928,37.233345
1764379247.181030,6929,37.413567
1764379247.223824,6930,37.124863
1764379247.267381,6931,37.476032
1764379247.310508,6932,37.710464
1764379247.353261,6933,37.473919
1764379247.395465,6934,37.079742
1764379247.438559,6935,37.573055
1764379247.482530,6936,38.552193
1764379247.525238,6937,37.138882
1764379247.568858,6938,38.215359
1764379247.611532,6939,37.105343
1764379247.654647,6940,37.693119
1764379247.698019,6941,37.149376
1764379247.740885,6942,37.154495
1764379247.784000,6943,37.698238
1764379247.826404,6944,37.226463
1764379247.869197,6945,37.338783
1764379247.912937,6946,38.351391
1764379247.955827,6947,37.196480
1764379247.999697,6948,38.341183
1764379248.042161,6949,37.082752
1764379248.085153,6950,37.418690
1764379248.128515,6951,37.141186
1764379248.171173,6952,37.129791
1764379248.214274,6953,37.634750
1764379248.256674,6954,37.142113
1764379248.299166,6955,37.374657
1764379248.342204,6956,37.634750
1764379248.385089,6957,37.442402
1764379248.427785,6958,37.422112
1764379248.470968,6959,37.635616
1764379248.514061,6960,37.633728
1764379248.557371,6961,37.150433
1764379248.600183,6962,37.415455
1764379248.643227,6963,37.669567
1764379248.686058,6964,37.432926
1764379248.728788,6965,37.481216
1764379248.771472,6966,37.285568
1764379248.814748,6967,37.736031
1764379248.857979,6968,37.691902
1764379248.901246,6969,37.735104
1764379248.945154,6970,38.346432
1764379248.988624,6971,37.098175
1764379249.031831,6972,37.805695
1764379249.074497,6973,37.209087
1764379249.117318,6974,37.539806
1764379249.159408,6975,37.008190
1764379249.202467,6976,37.636288
1764379249.246261,6977,38.388447
1764379249.288764,6978,37.101151
1764379249.332210,6979,37.896160
1764379249.375456,6980,37.802559
1764379249.418567,6981,37.187298
1764379249.461063,6982,37.215904
1764379249.504867,6983,38.293056
1764379249.547626,6984,37.644993
1764379249.589900,6985,37.122913
1764379249.633055,6986,37.619007
1764379249.676089,6987,37.649090
1764379249.719004,6988,37.284641
1764379249.762931,6989,38.363998
1764379249.805550,6990,37.199455
1764379249.849371,6991,37.401440
1764379249.892693,6992,37.747967
1764379249.935261,6993,37.195457
1764379249.977963,6994,37.527168
1764379250.020166,6995,37.105282
1764379250.063877,6996,38.325920
1764379250.107047,6997,37.690239
1764379250.150829,6998,38.156097
1764379250.193949,6999,37.695168
1764379250.278836,7000,79.343140
