{
    "frontleft_fisheye": [
        [
            -0.42363622784614563,
            0.46058663725852966,
            0.7799950838088989,
            0.38352057337760925
        ],
        [
            -0.002240831032395363,
            0.8605455160140991,
            -0.5093686580657959,
            0.031274329870939255
        ],
        [
            -0.9058296084403992,
            -0.2175348550081253,
            -0.3635261356830597,
            -0.0458160936832428
        ],
        [
            0.0,
            0.0,
            0.0,
            1.0
        ]
    ],
    "frontright_fisheye": [
        [
            -0.41972318291664124,
            -0.47272273898124695,
            0.7748326659202576,
            0.38661423325538635
        ],
        [
            0.024789780378341675,
            0.847378134727478,
            0.5304109454154968,
            -0.039758093655109406
        ],
        [
            -0.9073135852813721,
            0.24183371663093567,
            -0.34394553303718567,
            -0.047561291605234146
        ],
        [
            0.0,
            0.0,
            0.0,
            1.0
        ]
    ]
}